Date,HINDUNILVRNS_z_norm,UL_z_norm,RYTO_z_norm,^NSEBANK_z_norm,HSBC_z_norm
20/12/2017,-1.847678683,-0.843768115,-0.898238354,-0.843356377,1.587219079
21/12/2017,-1.88107724,-0.898995139,-0.878363455,-0.849713689,1.636485582
22/12/2017,-1.862143588,-0.872406338,-0.895646499,-0.833692254,1.661786355
27/12/2017,-1.871669713,-0.843768115,-0.905582545,-0.85961553,1.637817437
28/12/2017,-1.866846729,-0.866266402,-0.889164656,-0.860644095,1.643144217
29/12/2017,-1.835448151,-0.860131095,-0.887003774,-0.852238286,1.659123283
02/01/2018,-1.90424431,-0.960364877,-0.874042093,-0.88643988,1.761648667
03/01/2018,-1.876608494,-0.974681211,-0.833428744,-0.889780224,1.72703065
04/01/2018,-1.872139125,-0.907178018,-0.790221937,-0.865301852,1.741676587
05/01/2018,-1.862025613,-0.819224107,-0.796701775,-0.841630925,1.729692447
08/01/2018,-1.834154468,-0.800812631,-0.81528215,-0.829009264,1.673770495
09/01/2018,-1.850853124,-0.915360896,-0.792382016,-0.824300378,1.72703065
10/01/2018,-1.840269267,-1.115818278,-0.785037023,-0.839004401,1.962708334
11/01/2018,-1.810046085,-1.130138315,-0.782012591,-0.83159296,2.013307329
12/01/2018,-1.820983245,-1.027863442,-0.778556383,-0.816608389,2.083877768
16/01/2018,-1.802166635,-0.923543775,-0.752199641,-0.778216508,2.093198836
17/01/2018,-1.82756839,-0.780358212,-0.730164262,-0.724806191,2.189067498
18/01/2018,-1.861084922,-0.75172184,-0.702943568,-0.682597864,2.15844122
19/01/2018,-1.848149028,-0.504214758,-0.667947309,-0.619345135,2.154448843
22/01/2018,-1.865436627,-0.514441505,-0.653687896,-0.596957756,2.169095418
23/01/2018,-1.834271509,-0.448987733,-0.683500845,-0.537563638,2.167762926
24/01/2018,-1.840033939,-0.385575053,-0.70267456,-0.536212029,2.186403152
25/01/2018,-1.823922669,-0.577852333,-0.724026797,-0.528205627,2.122490074
29/01/2018,-1.766180401,-0.735357934,-0.740585404,-0.519230423,2.071894265
30/01/2018,-1.759242264,-0.639220219,-0.727076085,-0.558225565,1.999991972
31/01/2018,-1.831919783,-0.628991621,-0.732741684,-0.539459078,1.961377117
01/02/2018,-1.827450726,-0.430577182,-0.761066472,-0.566444784,1.990672177
02/02/2018,-1.825216975,-0.571717026,-0.809871126,-0.697259389,1.878822538
05/02/2018,-1.863907305,-1.150595511,-0.914890372,-0.757163474,1.651133431
06/02/2018,-1.935409428,-1.042181628,-0.905738497,-0.806026593,1.753660727
07/02/2018,-1.96527993,-1.211957844,-0.917940463,-0.830046129,1.672437366
08/02/2018,-1.925530622,-1.389916938,-0.997683408,-0.787438395,1.553931641
09/02/2018,-1.917297869,-1.463555439,-1.00465636,-0.865123231,1.625833934
12/02/2018,-1.89048539,-1.263096206,-0.976766956,-0.824674552,1.624502079
14/02/2018,-1.878842556,-1.277414392,-0.942341987,-0.885929914,1.866838398
15/02/2018,-1.858263162,-1.088675003,-0.938420328,-0.871803919,1.940073182
16/02/2018,-1.872493051,-1.134058506,-0.943650143,-0.916077344,1.950725468
20/02/2018,-1.920238227,-1.373331798,-0.943213556,-0.965289072,1.709721004
21/02/2018,-1.923060921,-1.528037262,-0.85562649,-0.954698975,1.731023664
22/02/2018,-1.932822063,-1.435212502,-0.870442361,-0.951554184,1.718794819
23/02/2018,-1.940583537,-1.297012571,-0.853010581,-0.892516976,1.744613039
26/02/2018,-1.916710171,-1.08248971,-0.86042012,-0.827003265,1.735101433
27/02/2018,-1.886016643,-1.470280395,-0.839067883,-0.878730959,1.599214052
28/02/2018,-1.953284726,-1.536286788,-0.917068092,-0.925681705,1.527194505
01/03/2018,-1.937996171,-1.618796863,-0.939727281,-0.960503824,1.523118649
05/03/2018,-1.995620776,-1.381584101,-0.924911811,-0.974757642,1.483711053
06/03/2018,-2.011026683,-1.41871345,-0.931448979,-1.037695958,1.493223935
07/03/2018,-2.009498606,-1.299073101,-0.940163867,-1.09113184,1.474200084
08/03/2018,-2.011144659,-1.096929158,-0.898330161,-1.032732089,1.453815702
09/03/2018,-1.99326905,-1.032983295,-0.887871735,-1.063534241,1.51632428
12/03/2018,-1.938114147,-1.070113569,-0.885692813,-1.001020896,1.494581916
13/03/2018,-1.946698336,-1.24131716,-0.885692813,-0.988365038,1.447021333
14/03/2018,-1.955284082,-1.177373148,-0.897459394,-0.969156315,1.404897137
15/03/2018,-1.995151365,-1.404273076,-0.869135007,-0.979321772,1.475557428
16/03/2018,-1.997032434,-1.342391446,-0.86347021,-1.030709157,1.52176003
19/03/2018,-1.972924051,-1.30732633,-0.875671373,-1.072263094,1.500017029
20/03/2018,-1.963868583,-1.297012571,-0.850397478,-1.085335291,1.501376285
21/03/2018,-1.95834117,-1.365081346,-0.865649132,-1.070478213,1.487788185
22/03/2018,-1.967161622,-1.336203375,-0.936677591,-1.089873857,1.309775971
23/03/2018,-1.99115203,-1.334140068,-0.998991162,-1.169955467,1.210578948
26/03/2018,-1.937878819,-1.239253853,-0.970667176,-1.072390585,1.338312703
27/03/2018,-1.917886812,-1.249567612,-1.013370847,-1.040126597,1.252703781
28/03/2018,-1.916593129,-0.814333819,-1.02164995,-1.0691608,1.269010394
02/04/2018,-1.874373498,-0.894781512,-1.019906812,-1.05808597,1.216014698
03/04/2018,-1.881194593,-0.773078782,-1.043002988,-1.027131094,1.230961418
04/04/2018,-1.859909526,-0.546178854,-1.069584237,-1.091913721,1.251343888
05/04/2018,-1.80169629,-0.533806416,-1.036902407,-0.984769711,1.270369651
06/04/2018,-1.819100308,-0.548241236,-1.082220784,-0.965501558,1.192913716
09/04/2018,-1.779587263,-0.558555921,-1.049974337,-0.927993485,1.269010394
10/04/2018,-1.779822591,-0.622501784,-1.049538553,-0.905384988,1.341029304
11/04/2018,-1.738308633,-0.653442136,-1.093551181,-0.927237168,1.360054429
12/04/2018,-1.729841174,-0.684381563,-1.105751542,-0.910773829,1.455174321
13/04/2018,-1.735015905,-0.616311862,-1.136254852,-0.909838891,1.45925209
16/04/2018,-1.713965233,-0.610123792,-1.121874766,-0.88939775,1.406255119
17/04/2018,-1.652694597,-0.589497199,-1.129283503,-0.88708597,1.419845769
18/04/2018,-1.641052385,-0.595686195,-1.095293918,-0.926548581,1.383155412
19/04/2018,-1.63235022,-0.88859159,-1.11141674,-0.922494417,1.497299154
20/04/2018,-1.600362076,-1.012357628,-1.083092353,-0.95348349,1.525835249
23/04/2018,-1.635760301,-1.06186034,-1.052589044,-0.950627547,1.570679232
24/04/2018,-1.619531367,-0.89890535,-1.074148148,-0.9367821,1.574754451
25/04/2018,-1.620590656,-0.894781512,-1.071507382,-0.975488394,1.593778302
26/04/2018,-1.545207173,-0.79783199,-1.046430331,-0.942085615,1.572037851
27/04/2018,-1.585897482,-0.655503592,-1.003751917,-0.876861083,1.608726296
30/04/2018,-1.503693215,-0.634876999,-1.026190608,-0.853572631,1.612803427
02/05/2018,-1.590601245,-1.088675003,-1.023110049,-0.847333847,1.572037851
03/05/2018,-1.637053672,-1.018119892,-1.025309417,-0.841052897,1.555731875
04/05/2018,-1.608829535,-0.932790242,-1.017831324,-0.834227784,1.43886962
07/05/2018,-1.529566249,-0.941114748,-0.976912485,-0.799099553,1.413050763
08/05/2018,-1.53391702,-0.789182576,-0.971632958,-0.75856588,1.391307762
09/05/2018,-1.534035306,-0.620599543,-0.938635214,-0.747695236,1.514965661
10/05/2018,-1.556379039,-0.549838008,-0.924114811,-0.751681338,1.567960719
11/05/2018,-1.514983057,-0.541512577,-0.905636266,-0.70371896,1.601932564
14/05/2018,-1.516277362,-0.518618105,-0.878797235,-0.693179661,1.607367677
15/05/2018,-1.488170889,-0.645573984,-0.876597466,-0.693375214,1.603291183
16/05/2018,-1.350341684,-0.70593197,-0.864717428,-0.74298635,1.619598434
17/05/2018,-1.360455196,-0.676792961,-0.876156469,-0.761404559,1.596263581
18/05/2018,-1.27578185,-0.572730629,-0.89727618,-0.795096519,1.615479881
22/05/2018,-1.349871028,-0.491561843,-0.845358093,-0.811738479,1.71567229
23/05/2018,-1.364453909,-0.529024431,-0.873077915,-0.827504931,1.612733967
24/05/2018,-1.380917859,-0.566487019,-0.961074305,-0.771093915,1.553718162
25/05/2018,-1.346460947,-0.59770507,-0.984831976,-0.727449316,1.527639306
29/05/2018,-1.353635035,-0.699687434,-1.05962975,-0.730636604,1.393133486
30/05/2018,-1.322822598,-0.512373569,-1.063588693,-0.718227429,1.459013758
31/05/2018,-1.262493275,-0.674714843,-1.010351626,-0.611406796,1.423328345
01/06/2018,-1.315648822,-0.655983087,-1.00419131,-0.656181554,1.476856783
04/06/2018,-1.375979079,-0.601868712,-0.968993796,-0.730169135,1.51940475
05/06/2018,-1.376919458,-0.581055134,-0.952274826,-0.731282694,1.469994228
06/06/2018,-1.357279821,-0.693443823,-0.955793576,-0.711462078,1.556462164
07/06/2018,-1.282249953,-0.753799957,-0.948754875,-0.685929576,1.552344886
08/06/2018,-1.299773192,-0.637249479,-0.927195771,-0.697225524,1.56058008
11/06/2018,-1.286131313,-0.601868712,-0.924994799,-0.69685135,1.548226971
12/06/2018,-1.198988265,-0.572730629,-0.919715673,-0.670749784,1.544109693
13/06/2018,-1.23956091,-0.685120244,-0.925875188,-0.664680989,1.549600247
14/06/2018,-1.266844357,-1.018119892,-0.928954544,-0.678373711,1.530383946
15/06/2018,-1.239325893,-0.882839508,-0.910915392,-0.702996508,1.441170733
18/06/2018,-1.269313436,-1.024367205,-0.902996703,-0.70437335,1.441170733
19/06/2018,-1.287072003,-1.043095259,-0.923675017,-0.728775361,1.383526292
20/06/2018,-1.283779275,-0.939034778,-0.902996703,-0.679147293,1.405485957
21/06/2018,-1.276550714,-0.901572191,-0.893316034,-0.689474106,1.291568439
22/06/2018,-1.241834194,-0.724664652,-0.862078266,-0.64359409,1.364311265
25/06/2018,-1.225126822,-0.766289029,-0.931153913,-0.67030788,1.255883663
26/06/2018,-1.209486209,-0.793347143,-0.9395144,-0.67166779,1.302548909
27/06/2018,-1.23898971,-0.834969669,-0.965032848,-0.701976576,1.174906918
28/06/2018,-1.254512036,-0.818319733,-0.974273323,-0.718771592,1.225688804
29/06/2018,-1.163512843,-0.674714843,-0.966793225,-0.712040106,1.253138386
03/07/2018,-1.157943096,-0.649736699,-0.944794327,-0.739255231,1.196865946
05/07/2018,-1.052488647,-0.568567914,-0.940394789,-0.688394412,1.249021746
06/07/2018,-1.075475174,-0.58729967,-0.913555757,-0.690001005,1.253138386
09/07/2018,-1.043246099,-0.610194142,-0.887597115,-0.645897237,1.350586156
10/07/2018,-1.054857805,-0.543593472,-0.864717428,-0.621886333,1.295686354
11/07/2018,-0.981039753,-0.732988231,-0.896835986,-0.635205214,1.202355863
12/07/2018,-0.923691254,-0.683036572,-0.855917548,-0.599447825,1.309410826
13/07/2018,-0.922980289,-0.620599543,-0.858118119,-0.614849067,1.294313078
16/07/2018,-0.902600115,-0.64141312,-0.836998809,-0.658391407,1.302548909
17/07/2018,-1.067417672,-0.753799957,-0.834358845,-0.602584316,1.239412639
18/07/2018,-1.157351351,-0.772531714,-0.85679914,-0.624206746,1.292941714
19/07/2018,-1.148582884,-0.456179225,-0.860758083,-0.639718214,1.253138386
20/07/2018,-1.128677102,-0.298004368,-0.857238131,-0.625515858,1.286078522
23/07/2018,-1.048578338,-0.466587402,-0.843158324,-0.602575683,1.342350325
24/07/2018,-1.100120828,-0.449937466,-0.833039465,-0.608312802,1.42744626
25/07/2018,-1.135549247,-0.391658524,-0.842364932,-0.598640379,1.439799369
26/07/2018,-1.095263292,-0.510290823,-0.833483668,-0.534877684,1.376665011
27/07/2018,-1.121211967,-0.424961173,-0.833039465,-0.49612026,1.399997315
30/07/2018,-1.050829832,-0.381254049,-0.822381387,-0.460728746,1.394506762
31/07/2018,-0.949047873,-0.31465523,-0.812611717,-0.474064226,1.428818261
01/08/2018,-0.942767472,-0.31465523,-0.801066435,-0.502545966,1.290196438
02/08/2018,-0.9091174,-0.28675291,-0.816165345,-0.543453813,1.180396197
03/08/2018,-0.874755429,-0.269968753,-0.818385159,-0.485734017,1.260001578
07/08/2018,-0.952839273,-0.20912757,-0.85879565,-0.455067989,1.198239222
08/08/2018,-0.888618006,-0.21332361,-0.82993004,-0.423356796,1.254511025
09/08/2018,-0.895609372,-0.251086113,-0.797513208,-0.379576074,1.229806719
10/08/2018,-0.899164198,-0.507035259,-0.823713196,-0.412851362,1.150200701
13/08/2018,-0.955683134,-0.454588007,-0.821048376,-0.468922068,1.095300899
14/08/2018,-0.919188889,-0.427315139,-0.788188543,-0.430283836,1.099418177
16/08/2018,-0.935421247,-0.425216656,-0.792628172,-0.463456865,1.039502574
17/08/2018,-0.823212005,-0.358080952,-0.757103119,-0.412120278,1.017297566
20/08/2018,-0.841578503,-0.282557797,-0.752662687,-0.387353057,1.035340051
21/08/2018,-0.899637656,-0.242694034,-0.766428586,-0.390132306,1.040891143
23/08/2018,-0.851531083,-0.30143766,-0.718024437,-0.429229707,0.956232999
24/08/2018,-0.83221798,-0.211225127,-0.719801652,-0.462071723,0.961783455
27/08/2018,-0.80532021,-0.095839135,-0.705590347,-0.389061576,1.074198336
28/08/2018,-0.855323105,-0.091645872,-0.712251796,-0.388134938,1.015909634
29/08/2018,-0.891698752,-0.066469636,-0.682054779,-0.395878056,1.040891143
30/08/2018,-0.851413108,-0.127308967,-0.669176886,-0.416421124,0.936803857
31/08/2018,-0.834231966,-0.248986705,-0.718912443,-0.423475656,0.891004635
04/09/2018,-1.139696441,-0.465075791,-0.71402861,-0.530738525,0.903494753
05/09/2018,-1.233302922,-0.572069704,-0.714471611,-0.540036774,0.859084738
06/09/2018,-1.240648525,-0.72312342,-0.701151119,-0.524287587,0.792468442
07/09/2018,-1.169200565,-0.693750218,-0.722464467,-0.522120231,0.72585342
10/09/2018,-1.236620241,-0.521720934,-0.719356646,-0.569665938,0.7383429
11/09/2018,-1.283186286,-0.450390116,-0.714916616,-0.636683983,0.72446485
12/09/2018,-1.197400422,-0.366473956,-0.740228999,-0.634695248,0.741118765
14/09/2018,-1.191594102,-0.475566352,-0.745113633,-0.576108576,0.827164841
17/09/2018,-1.248113972,-0.446195928,-0.725129688,-0.634507994,0.824388976
18/09/2018,-1.107111883,-0.479761466,-0.706035353,-0.698908479,0.791080509
19/09/2018,-1.149412447,-0.737806318,-0.704258539,-0.726803558,0.915985508
21/09/2018,-1.210552968,-0.454588007,-0.699818107,-0.842472236,1.017297566
24/09/2018,-1.283660366,-0.630814256,-0.688715826,-0.948978789,0.979825939
25/09/2018,-1.187921301,-0.674870355,-0.68472,-0.887782857,0.995092559
26/09/2018,-1.235553482,-0.618224286,-0.686940215,-0.879971677,1.014522339
27/09/2018,-1.213395895,-0.584658748,-0.679389959,-0.936773468,1.011747111
28/09/2018,-1.241122917,-0.647594711,-0.724241682,-0.923565479,0.888230682
01/10/2018,-1.160786957,-0.593052678,-0.721577263,-0.881552705,0.90488396
03/10/2018,-1.216358977,-0.718928306,-0.74333722,-0.932056281,0.91182171
04/10/2018,-1.322761898,-0.997952429,-0.731346533,-0.974655383,0.917374077
05/10/2018,-1.359255831,-1.010536845,-0.753106089,-1.038545902,0.864636468
09/10/2018,-1.468502925,-0.989559425,-0.778862274,-1.024232654,0.820224541
10/10/2018,-1.432482139,-1.079770106,-0.850358189,-0.889253326,0.774427232
11/10/2018,-1.436155874,-1.306347902,-0.939172427,-0.980664749,0.649462332
12/10/2018,-1.333070272,-1.260194246,-0.935620002,-0.876648597,0.677544704
15/10/2018,-1.435681483,-1.123828057,-0.952493721,-0.87797431,0.646653967
16/10/2018,-1.388523693,-0.966481671,-0.896541721,-0.843704654,0.642441101
17/10/2018,-1.351080354,-1.03361645,-0.882331219,-0.911878755,0.614360003
19/10/2018,-1.312216018,-0.846899639,-0.925850332,-0.929353395,0.46412237
22/10/2018,-1.296812601,-0.907742673,-0.958711367,-0.930577512,0.448676046
23/10/2018,-1.37465956,-0.786060308,-0.950717709,-0.948621879,0.315287963
24/10/2018,-1.294324845,-0.893057924,-1.079000309,-0.933025416,0.198748157
25/10/2018,-1.307194125,-0.796550869,-1.073169537,-0.974970128,0.278781134
26/10/2018,-1.338891844,-0.981167346,-1.083933854,-1.042353383,0.211384205
29/10/2018,-1.351642838,-1.02942041,-1.105015479,-0.950789235,0.424806539
30/10/2018,-1.255952955,-0.930816725,-1.04356586,-0.976618885,0.493607969
31/10/2018,-1.187671342,-1.065083505,-1.019793356,-0.91788779,0.552579804
01/11/2018,-1.221156436,-0.855825827,-1.022484235,-0.888921649,0.618572232
02/11/2018,-1.147751453,-0.925649663,-1.027418582,-0.82466592,0.674737614
05/11/2018,-1.143937952,-0.862172186,-1.032352528,-0.819472964,0.63822951
06/11/2018,-1.163242651,-0.870636467,-1.036837059,-0.842285315,0.650866195
07/11/2018,-1.134881861,-0.735220935,-1.019344743,-0.818571892,0.719666351
09/11/2018,-1.066361808,-0.764843141,-1.018447115,-0.81287727,0.572237082
12/11/2018,-1.109976288,-0.893912313,-1.046256338,-0.852187157,0.523094205
13/11/2018,-1.069936556,-0.750033427,-1.027418582,-0.813285309,0.650866195
14/11/2018,-0.964118219,-0.781770776,-1.047602178,-0.785823502,0.648058468
15/11/2018,-0.986640005,-0.690789016,-1.031902712,-0.747644106,0.736517176
16/11/2018,-1.027037087,-0.589226905,-1.044462686,-0.732209,0.714050258
19/11/2018,-0.997722845,-0.612501825,-1.069132016,-0.722834389,0.667715109
20/11/2018,-1.015358456,-0.667514096,-1.122956008,-0.754681705,0.546963712
21/11/2018,-1.025011583,-0.665398951,-1.021587008,-0.729404186,0.662099017
26/11/2018,-0.896194268,-0.752148571,-1.066440335,-0.711802055,0.844631888
27/11/2018,-0.92169501,-0.625196395,-1.039080126,-0.698627931,0.799699965
28/11/2018,-0.924316617,-0.568067129,-0.922012461,-0.696103665,0.858673074
29/11/2018,-0.837802668,-0.644241026,-0.934570431,-0.614228542,0.79408451
30/11/2018,-0.872360435,-0.69290416,-0.952513365,-0.627258242,0.756173817
03/12/2018,-0.701716013,-0.686557801,-0.951165921,-0.628175915,0.886755446
04/12/2018,-0.744496573,-0.726758506,-0.984358506,-0.656011565,0.757578318
06/12/2018,-0.759153538,-0.781770776,-1.028763621,-0.740240966,0.541346982
07/12/2018,-0.704814502,-0.745802212,-1.080794362,-0.672925441,0.518881339
10/12/2018,-0.772738453,-0.841015187,-1.101874784,-0.756500451,0.45710114
11/12/2018,-0.774883177,-0.72252544,-1.134617954,-0.746173638,0.436039998
12/12/2018,-0.669541412,-0.631544605,-1.087073347,-0.6645027,0.589085358
13/12/2018,-0.630336535,-0.601921474,-1.096493026,-0.635179649,0.584875042
14/12/2018,-0.618419462,-0.754264641,-1.09155908,-0.633539192,0.52590257
17/12/2018,-0.641895323,-0.991239507,-1.128338969,-0.601275204,0.497820197
18/12/2018,-0.665608691,-0.991239507,-1.11488257,-0.574264265,0.51045752
19/12/2018,-0.655956808,-1.025096629,-1.165119258,-0.553236463,0.447272819
20/12/2018,-0.681100823,-1.008168994,-1.186200483,-0.557197333,0.537134117
21/12/2018,-0.754387207,-1.122424749,-1.242715755,-0.626119118,0.478162282
24/12/2018,-0.79931218,-1.395370956,-1.275908339,-0.652450434,0.451485048
27/12/2018,-0.727217378,-1.143583599,-1.163773819,-0.624606153,0.497820197
28/12/2018,-0.710176936,-1.173205804,-1.1462803,-0.582670073,0.549770802
31/12/2018,-0.715896408,-1.124540819,-1.131030249,-0.576729101,0.555388806
02/01/2019,-0.7994314,-1.154162099,-1.122956008,-0.574264265,0.523094205
03/01/2019,-0.790374998,-1.204945006,-1.170053605,-0.61078627,0.459908867
04/01/2019,-0.806343701,-1.025096629,-1.099631717,-0.570813361,0.625592825
07/01/2019,-0.798597791,-1.107614109,-1.109948223,-0.552190966,0.546963712
08/01/2019,-0.832201793,-1.105497113,-1.11757385,-0.517351915,0.562408762
09/01/2019,-0.79847857,-1.198596795,-1.027866394,-0.481501232,0.601722681
10/01/2019,-0.795618834,-1.145699669,-0.988394824,-0.514113498,0.614360003
11/01/2019,-0.835657632,-1.092802544,-0.989292452,-0.52680322,0.598914953
14/01/2019,-0.848765976,-1.230335071,-0.976285067,-0.561761463,0.537134117
15/01/2019,-0.786919159,-1.126656889,-0.959240964,-0.535838186,0.570833856
16/01/2019,-0.82814954,-1.262073346,-0.933674407,-0.521737756,0.615765142
17/01/2019,-0.878318971,-1.164742449,-0.907658034,-0.514079633,0.608743911
18/01/2019,-0.895955205,-1.107614109,-0.897790542,-0.526327451,0.66911961
22/01/2019,-0.88141746,-1.137236314,-0.836789536,-0.521984107,0.593298861
23/01/2019,-0.840900845,-0.999705639,-0.8535502,-0.561336491,0.629804416
24/01/2019,-0.859252402,-1.124540819,-0.838148206,-0.558676102,0.59751109
25/01/2019,-0.865687198,-1.137236314,-0.834977844,-0.584361328,0.660695153
28/01/2019,-0.8985765,-1.164742449,-0.820029675,-0.662938604,0.626996689
29/01/2019,-0.86592595,-0.978546788,-0.80553493,-0.676478271,0.691586527
30/01/2019,-0.921575479,-0.965853144,-0.791039383,-0.633624186,0.747749997
31/01/2019,-0.85031522,-1.050486694,-0.791492407,-0.553738129,0.698605846
01/02/2019,-0.764396751,-0.925649663,-0.787415196,-0.589350762,0.639634011
04/02/2019,-0.756531621,-0.811392982,-0.767937595,-0.572241333,0.67614084
05/02/2019,-0.711606648,-0.593459045,-0.738041256,-0.557775361,0.728092082
06/02/2019,-0.691349119,-0.741567295,-0.729435014,-0.535566271,0.694394255
07/02/2019,-0.669660632,-0.690789016,-0.728981189,-0.538149966,0.655079061
08/02/2019,-0.721497594,-0.682325661,-0.751178134,-0.553916418,0.64525074
11/02/2019,-0.751288719,-0.754264641,-0.772014404,-0.565237599,0.63542242
12/02/2019,-0.77583663,-0.568067129,-0.758424905,-0.602133779,0.694394255
14/02/2019,-0.798358727,-0.558917856,-0.762049092,-0.608958892,0.732303673
15/02/2019,-0.827554372,-0.548254195,-0.728528166,-0.638936333,0.792680646
19/02/2019,-0.910613104,-0.454400097,-0.711315681,-0.657533163,0.612954865
20/02/2019,-0.921218751,-0.369078778,-0.666471174,-0.611525655,0.698605846
21/02/2019,-0.870692281,-0.339214048,-0.689572963,-0.595053683,0.659726532
22/02/2019,-0.837683447,-0.458665561,-0.713580397,-0.626476028,0.645326573
25/02/2019,-0.833870258,-0.575987118,-0.682778012,-0.576890457,0.628046878
26/02/2019,-0.828865486,-0.503460341,-0.672813101,-0.611959259,0.652526871
27/02/2019,-0.914068632,-0.838354826,-0.642915159,-0.638077757,0.705806144
28/02/2019,-0.923244566,-0.825552879,-0.66330001,-0.639675717,0.662605631
01/03/2019,-0.918477613,-0.940741705,-0.63566919,-0.596498587,0.630927252
05/03/2019,-0.942429733,-0.718900536,-0.622985336,-0.509778786,0.687085624
06/03/2019,-1.001535723,-0.776492635,-0.625703076,-0.497607661,0.6827657
07/03/2019,-0.988189249,-0.667707559,-0.646086323,-0.473987864,0.668366379
08/03/2019,-0.997245963,-0.514127704,-0.662394364,-0.474463633,0.668366379
11/03/2019,-0.965428711,-0.595180782,-0.657411508,-0.439641514,0.688525811
12/03/2019,-0.91811964,-0.582383464,-0.672359677,-0.358548604,0.697166296
13/03/2019,-0.887613814,-0.460798293,-0.667376419,-0.283651317,0.704364682
14/03/2019,-0.912161415,-0.253889026,-0.672813101,-0.277055955,0.707245693
15/03/2019,-1.004871719,-0.061912587,-0.632045404,-0.199141701,0.746125645
18/03/2019,-1.006898156,-0.085376343,-0.603506933,-0.16265356,0.76340534
19/03/2019,-1.001892762,-0.076844489,-0.629327263,-0.133458001,0.741805084
20/03/2019,-1.030730745,0.006345949,-0.66058187,-0.122519294,0.717325091
22/03/2019,-1.05337175,-0.008585027,-0.695915291,-0.16496534,0.603566885
25/03/2019,-1.063382228,0.038341559,-0.70044352,-0.216183068,0.605007072
26/03/2019,-1.039668549,0.155663117,-0.668282466,-0.11402816,0.626606691
27/03/2019,-1.046818045,0.125796536,-0.698631827,-0.090629149,0.636686726
28/03/2019,-1.039429797,0.136463899,-0.711768705,-0.022506177,0.616526019
01/04/2019,-1.02489174,0.091670045,-0.679154226,-0.038493747,0.796524544
02/04/2019,-1.031684509,0.093801851,-0.655599414,-0.033776561,0.852684827
03/04/2019,-1.070651257,0.123663804,-0.63883875,-0.078134979,0.910283387
04/04/2019,-1.080780332,0.127932045,-0.636574836,-0.110160917,0.874283809
05/04/2019,-1.098535787,0.089537313,-0.629327263,-0.079605448,0.900203352
08/04/2019,-1.084713365,0.14712756,-0.636574836,-0.120292177,0.911723574
09/04/2019,-1.047533369,0.095934583,-0.649257487,-0.074641911,0.921803608
10/04/2019,-1.015001106,0.089537313,-0.633856295,-0.127397837,0.9088432
11/04/2019,-0.976272799,0.093801851,-0.621173643,-0.130355707,0.916043497
12/04/2019,-0.949460631,0.034073318,-0.579952923,-0.10444073,0.980842992
15/04/2019,-0.948507178,0.034073318,-0.563645282,-0.076273736,0.959242735
16/04/2019,-0.909182147,0.042610726,-0.535107614,-0.003671628,1.022602043
18/04/2019,-0.905964749,0.36470419,-0.472597198,-0.056019516,1.011083096
22/04/2019,-0.906084592,0.336974044,-0.473502844,-0.147040164,1.006762535
23/04/2019,-0.895717075,0.349771362,-0.436811956,-0.182440311,0.996683774
24/04/2019,-0.875697364,0.33910585,-0.499461486,-0.117657352,0.950603525
25/04/2019,-0.919549975,0.354034975,-0.503120552,-0.168560667,0.940522853
26/04/2019,-0.888209606,0.494821215,-0.478884201,-0.09170021,0.985162916
30/04/2019,-0.863542162,0.789187309,-0.439556557,-0.133976267,1.057161433
02/05/2019,-0.944932119,0.67487694,-0.456933412,-0.143529831,1.042761475
03/05/2019,-1.016430507,0.829649052,-0.434068559,-0.101788973,1.219880262
06/05/2019,-1.07518008,0.812453899,-0.426293795,-0.158854379,1.088841087
07/05/2019,-1.007016754,0.659826553,-0.460133842,-0.214993147,0.996683774
08/05/2019,-1.02799054,0.763012281,-0.477968933,-0.264935628,0.952043075
09/05/2019,-0.992121348,0.737213997,-0.475682568,-0.28360052,0.943403227
10/05/2019,-1.030969186,0.846846056,-0.50129122,-0.257099215,0.954922174
13/05/2019,-0.996292198,0.793106575,-0.548393628,-0.321788548,0.841163969
14/05/2019,-1.0046339,0.664128118,-0.534217202,-0.29301796,0.852684827
15/05/2019,-1.070055776,0.793106575,-0.533759769,-0.329183056,0.911723574
16/05/2019,-1.029182434,0.904886176,-0.501748653,-0.28858099,0.936494153
17/05/2019,-0.913352997,0.900587388,-0.515010613,-0.187463278,0.846153643
21/05/2019,-0.797882156,0.829649052,-0.51135275,-0.041570476,0.856353481
22/05/2019,-0.838279239,0.993022443,-0.512267215,-0.004444878,0.859267629
23/05/2019,-0.872718096,0.973674193,-0.628421216,-0.024452747,0.875296401
24/05/2019,-0.882847483,1.134899115,-0.571258882,0.112124873,0.902981129
28/05/2019,-0.817782646,0.986571483,-0.56394075,0.177629953,0.838867954
29/05/2019,-0.808368893,0.971523873,-0.627505949,0.126233936,0.838867954
30/05/2019,-0.800265633,1.081155932,-0.630707581,0.167294507,0.799526632
31/05/2019,-0.790136557,0.913483753,-0.676895523,0.139807467,0.723756864
03/06/2019,-0.668111388,1.044613455,-0.667749261,0.187106823,0.733957339
04/06/2019,-0.725549536,1.014518235,-0.608756392,0.176125619,0.784955254
06/06/2019,-0.67275881,1.164992484,-0.60235473,0.05175332,0.783497861
07/06/2019,-0.689441902,1.261726327,-0.601897698,0.087306523,0.824297212
10/06/2019,-0.637605563,1.205833749,-0.596410502,0.081773258,0.850525184
11/06/2019,-0.667872947,1.287520907,-0.599153899,0.12111701,0.866552681
12/06/2019,-0.650475154,1.397152966,-0.641226144,0.070162897,0.789327432
13/06/2019,-0.654288032,1.296119409,-0.610586125,0.071930846,0.764554941
14/06/2019,-0.708031589,1.278922405,-0.586807207,0.010437434,0.722300746
17/06/2019,-0.719709597,1.248828111,-0.58131961,-0.047545645,0.704815219
18/06/2019,-0.739849151,1.220884136,-0.504034617,-0.034329024,0.792240943
19/06/2019,-0.734844379,1.253127825,-0.511810183,-0.032442216,0.818468915
20/06/2019,-0.719600649,1.197237098,-0.500834187,0.03878305,0.851982577
21/06/2019,-0.811780842,1.218732891,-0.520497408,0.012817276,0.771841267
24/06/2019,-0.817062342,1.347710422,-0.520955242,0.008346772,0.766012971
25/06/2019,-0.836266809,1.250976579,-0.559368822,0.049994004,0.754356377
26/06/2019,-0.825343967,1.096202616,-0.578117577,0.103591241,0.780583712
27/06/2019,-0.793176836,1.076857144,-0.590921702,0.121805597,0.81701216
28/06/2019,-0.761490012,1.141345446,-0.563027487,0.093876321,0.865096563
02/07/2019,-0.757648807,1.373505002,-0.528272172,0.124151574,0.914637722
03/07/2019,-0.768451495,1.534729925,-0.492602391,0.140980455,0.91755187
05/07/2019,-0.75236824,1.420799078,-0.488944528,0.156874399,0.914637722
08/07/2019,-0.843228291,1.470239771,-0.513180479,0.008652552,0.875296401
09/07/2019,-0.875154802,1.34126224,-0.496718891,0.002754077,0.879667305
10/07/2019,-0.927126548,1.293970015,-0.512723446,-0.005244024,0.851982577
11/07/2019,-0.897600012,1.306869157,-0.527357706,0.027810478,0.859267629
12/07/2019,-0.940089524,1.293970015,-0.551137025,0.008244513,0.849068429
15/07/2019,-0.931086973,1.328364024,-0.55479529,-0.01818873,0.859267629
16/07/2019,-0.872634051,1.395002646,-0.547021328,0.003034625,0.830126146
17/07/2019,-0.826064271,1.384251973,-0.551137025,0.031031631,0.79078355
18/07/2019,-0.877795085,1.429398506,-0.543362662,-0.02079799,0.819925671
19/07/2019,-0.92280566,1.225180147,-0.524613507,-0.133033029,0.806812322
22/07/2019,-1.018106754,1.319765522,-0.533302335,-0.21554561,0.819925671
23/07/2019,-0.987740071,1.285370588,-0.497632956,-0.242208272,0.851982577
24/07/2019,-0.903000733,1.197237098,-0.471773738,-0.272100718,0.770384512
25/07/2019,-0.88379689,0.90918589,-0.496709269,-0.256665611,0.74415654
26/07/2019,-0.89819985,0.922084106,-0.484241904,-0.208686301,0.764554941
29/07/2019,-0.939848593,1.031714313,-0.484241904,-0.213684035,0.698986285
30/07/2019,-0.924005647,0.947879612,-0.51287138,-0.299409469,0.668388046
31/07/2019,-0.907801928,0.743664957,-0.509638878,-0.285062356,0.63487311
01/08/2019,-0.896639711,0.806003865,-0.573824278,-0.371544108,0.570761209
02/08/2019,-0.881876599,0.689922699,-0.602915196,-0.399133406,0.518306539
06/08/2019,-0.865912876,0.481407403,-0.657865734,-0.430215774,0.36676764
07/08/2019,-0.786335196,0.586741599,-0.643550595,-0.484620458,0.35948195
08/08/2019,-0.724281378,0.621185594,-0.620462437,-0.415197339,0.371139181
09/08/2019,-0.63246196,0.571357047,-0.65463283,-0.360554272,0.28808436
13/08/2019,-0.672310254,0.707841722,-0.671719029,-0.480022463,0.175887419
14/08/2019,-0.637982835,0.701340776,-0.758530343,-0.430708807,0.028719423
16/08/2019,-0.662948174,1.047963437,-0.716510617,-0.39708491,0.120332205
19/08/2019,-0.681551869,1.212604988,-0.683263108,-0.402337627,0.185348683
20/08/2019,-0.627540611,1.158448033,-0.734981143,-0.436955892,0.127720492
21/08/2019,-0.611696732,1.219105008,-0.70865928,-0.48173065,0.141018325
22/08/2019,-0.558645464,1.188777446,-0.734520102,-0.598147677,0.13215289
23/08/2019,-0.587691694,1.054461605,-0.815327853,-0.610990124,0.047928396
26/08/2019,-0.547962931,1.143282863,-0.802398244,-0.442242474,0.043495678
27/08/2019,-0.584330795,1.329589604,-0.800551271,-0.412528317,0.037586132
28/08/2019,-0.664268627,1.388082375,-0.783004432,-0.467239114,0.033153096
29/08/2019,-0.652625793,1.459573333,-0.731286397,-0.552080739,0.096689559
30/08/2019,-0.535120109,1.507234898,-0.723897705,-0.531231559,0.087824444
03/09/2019,-0.63126135,1.752033484,-0.730824553,-0.633853604,0.084870148
04/09/2019,-0.619858824,1.864687838,-0.733133369,-0.582908124,0.208989417
05/09/2019,-0.660307268,1.628551625,-0.672641513,-0.617611383,0.220811058
06/09/2019,-0.685752602,1.656714057,-0.661098236,-0.561820893,0.235586994
09/09/2019,-0.64998551,1.407580582,-0.647245341,-0.518176294,0.316856238
11/09/2019,-0.67339071,1.151948939,-0.555353751,-0.472016062,0.486783012
12/09/2019,-0.718760502,1.180110445,-0.51148585,-0.464825407,0.507470088
13/09/2019,-0.718400662,1.065293737,-0.462077433,-0.417186074,0.566575108
16/09/2019,-0.692594242,0.915813652,-0.455612428,-0.458620819,0.455753354
17/09/2019,-0.656827149,1.130282824,-0.432523468,-0.581565147,0.442455203
18/09/2019,-0.661628344,1.143282863,-0.414052541,-0.574612542,0.427677992
19/09/2019,-0.701116487,1.134618639,-0.386347954,-0.645157853,0.432111346
20/09/2019,-0.324233935,0.811827224,-0.336938735,-0.267119916,0.421768127
23/09/2019,-0.156196489,0.894148462,-0.364644524,0.002252412,0.41437984
24/09/2019,-0.130511469,1.026297322,-0.389118212,-0.062870193,0.384826693
25/09/2019,-0.127990406,0.861653919,-0.364182681,-0.164361747,0.395170549
26/09/2019,-0.169039,0.967805477,-0.360026893,-0.093553153,0.412902055
27/09/2019,-0.2254521,0.913648521,-0.360488335,-0.114963097,0.418812557
30/09/2019,-0.294947396,0.83998873,-0.35956545,-0.246449357,0.438021848
01/10/2019,-0.274902472,0.868152087,-0.393736245,-0.310645656,0.377439043
03/10/2019,-0.342717475,0.690508645,-0.465309935,-0.363580203,0.302079027
04/10/2019,-0.385567449,0.749002341,-0.434371242,-0.479554994,0.281393226
07/10/2019,-0.395529367,0.751167471,-0.446377566,-0.473486198,0.274006213
09/10/2019,-0.376445678,0.71433989,-0.450994395,-0.300386904,0.240020349
10/10/2019,-0.326633909,0.664513195,-0.438527432,-0.431686243,0.310421916
11/10/2019,-0.240455209,0.634184707,-0.412205969,-0.426747938,0.50514922
15/10/2019,-0.097024197,0.46520734,-0.380344793,-0.339611797,0.565064823
16/10/2019,-0.081180318,0.686177458,-0.373879788,-0.342382413,0.57405261
17/10/2019,-0.002323253,0.813994205,-0.398353476,-0.265777271,0.605508588
18/10/2019,0.00487885,0.835657543,-0.383577295,-0.243542617,0.584537936
22/10/2019,0.054089536,0.638516819,-0.368800714,-0.194092837,0.656437043
23/10/2019,0.094869183,0.623352575,-0.366468244,-0.185857018,0.678906509
24/10/2019,0.095111048,0.764168436,-0.387919905,-0.24563361,0.693885728
25/10/2019,0.123463433,0.671011363,-0.378127383,-0.196676865,0.702873515
29/10/2019,0.159900402,0.658014101,-0.377194075,-0.11557499,0.470698162
30/10/2019,0.182099389,0.852987843,-0.355743216,-0.096119916,0.464706729
31/10/2019,0.196458148,0.94073533,-0.367867806,-0.082733306,0.44373544
01/11/2019,0.206107851,0.862155629,-0.348748614,-0.03780516,0.485676744
04/11/2019,0.154952906,0.694080786,-0.314706511,-0.037371888,0.553081958
05/11/2019,0.188735272,0.794490444,-0.290456929,-0.056623108,0.539601552
06/11/2019,0.20635065,1.001853287,-0.281130259,0.009629988,0.550086878
07/11/2019,0.106934114,0.844693885,-0.264342735,0.013633354,0.541098454
08/11/2019,-0.018179894,0.907994559,-0.265274841,0.033394541,0.51114129
11/11/2019,-0.030364979,0.81631855,-0.276466925,0.095635969,0.431751937
13/11/2019,-0.007079623,0.851242965,-0.276466925,-0.001937544,0.310421916
14/11/2019,-0.060045599,0.763929615,-0.27320275,0.033487835,0.296940873
15/11/2019,-0.087433014,0.704996227,-0.248021464,0.077421614,0.326898675
18/11/2019,-0.091053209,0.731188844,-0.248487316,0.074650665,0.361351007
19/11/2019,-0.135572894,0.702813509,-0.245689797,0.116153473,0.391308171
20/11/2019,-0.162718755,0.652609143,-0.246621902,0.136144078,0.340379717
21/11/2019,-0.109270916,0.521641432,-0.231699391,0.135481055,0.301434129
22/11/2019,-0.158254989,0.526006868,-0.227501909,0.094964315,0.35386076
25/11/2019,-0.076092434,0.606770213,-0.222372722,0.170490427,0.413777001
26/11/2019,-0.085864159,0.687532632,-0.256881079,0.198104959,0.404789214
27/11/2019,-0.001650886,0.707178945,-0.248487316,0.224895111,0.418270894
29/11/2019,-0.141484738,0.80540496,-0.25175149,0.236819885,0.364345449
02/12/2019,-0.122421905,0.759565104,-0.282996074,0.224130162,0.296940873
03/12/2019,-0.158014058,0.739921567,-0.32403318,0.180256145,0.225041129
04/12/2019,-0.110839771,0.811952188,-0.428024505,0.242463709,0.246011782
05/12/2019,-0.136296933,0.777027774,-0.436884119,0.197186953,0.231032562
06/12/2019,-0.163804814,0.875252863,-0.426159091,0.134053416,0.305928022
09/12/2019,-0.206997509,0.964748931,-0.451340377,0.129820631,0.299937227
10/12/2019,-0.165494134,0.907994559,-0.473724946,0.103251264,0.281961016
11/12/2019,-0.201448307,0.835963013,-0.484916228,0.119638241,0.349367504
12/12/2019,-0.208928072,0.80540496,-0.483984122,0.18911249,0.464706729
13/12/2019,-0.211703451,1.121905556,-0.433154494,0.248404681,0.539601552
16/12/2019,-0.287592143,1.333635686,-0.435019106,0.241596501,0.612998198
17/12/2019,-0.319925809,0.104732104,-0.437350373,0.269823258,0.611500659
18/12/2019,-0.399072676,0.021788818,-0.477455774,0.287502082,0.629474957
19/12/2019,-0.344659555,0.170216422,-0.480252893,0.287025981,0.607006765
20/12/2019,-0.363963631,0.207323554,-0.453206593,0.31141936,0.608505579
23/12/2019,-0.346348565,0.229150735,-0.494710353,0.303684874,0.592027546
24/12/2019,-0.356000758,0.19422632,-0.498906232,0.29370667,0.578546503
27/12/2019,-0.3475554,0.412502753,-0.49704162,0.316077117,0.624981701
30/12/2019,-0.378079591,0.327375824,-0.510565371,0.306311398,0.621985985
31/12/2019,-0.41246522,0.298998638,-0.530617069,0.273461082,0.638462744
02/01/2020,-0.376149339,0.266258793,-0.493310791,0.321431761,0.680404049
03/01/2020,-0.401726967,0.248795197,-0.511031223,0.25775406,0.589032467
06/01/2020,-0.430683548,0.261891505,-0.510098717,0.116306529,0.569559991
07/01/2020,-0.418015044,0.061077743,-0.508232902,0.143887196,0.526120509
08/01/2020,-0.397141802,0.008690658,-0.469993315,0.139509987,0.512639467
09/01/2020,-0.383387862,0.087270359,-0.452273685,0.261689365,0.550086878
10/01/2020,-0.337661964,0.096001231,-0.45833578,0.262539308,0.496161433
13/01/2020,-0.239090866,0.152753752,-0.439216589,0.276180901,0.553081958
14/01/2020,-0.205429276,0.115645694,-0.423360368,0.258162099,0.53211258
15/01/2020,-0.174421978,0.218237144,-0.40470743,0.216217387,0.527618049
16/01/2020,-0.107823771,0.250978841,-0.372064487,0.22114706,0.568061177
17/01/2020,-0.081159462,0.336106696,-0.353411147,0.176397534,0.590529369
21/01/2020,-0.09298315,0.449609885,-0.342220266,0.067077868,0.464706729
22/01/2020,-0.101911305,0.416868189,-0.345018187,0.025243383,0.485676744
23/01/2020,-0.0893642,0.416868189,-0.317971086,0.076682229,0.433249476
24/01/2020,-0.048825796,0.74646787,-0.341046415,0.117088411,0.403291674
27/01/2020,-0.078625325,0.554384054,-0.3608267,0.048353546,0.252002577
28/01/2020,-0.080435111,0.689716275,-0.344343062,0.035434405,0.28495737
29/01/2020,-0.047619272,0.414686397,-0.34057535,0.055085032,0.280464114
30/01/2020,-0.086467733,0.883981884,-0.351877683,0.016055693,0.331392568
31/01/2020,-0.144018252,0.866522917,-0.397087816,0.047707456,0.219049696
03/02/2020,0.205143503,0.886166453,-0.388610666,-0.09004282,0.184597364
04/02/2020,0.148800441,0.855608401,-0.309493133,0.02273605,0.256497745
05/02/2020,0.160141022,0.969113442,-0.285476077,0.076324988,0.322405419
06/02/2020,0.150730693,1.126270066,-0.253451731,0.127678839,0.340379717
07/02/2020,0.159296206,1.056423089,-0.271818824,0.110322728,0.370337519
10/02/2020,0.157727662,1.060787599,-0.263341674,0.085878552,0.391308171
11/02/2020,0.141682073,1.104443812,-0.246859238,0.127092179,0.512639467
12/02/2020,0.401562283,1.054241297,-0.233202387,0.159781139,0.565064823
13/02/2020,0.457181305,1.032412265,-0.221428188,0.115133541,0.506647397
14/02/2020,0.388773001,0.999670569,-0.221899653,0.047911642,0.466204269
18/02/2020,0.338943801,1.03896227,-0.243091527,0.001623586,0.148647492
19/02/2020,0.478295479,0.905811841,-0.247329902,0.048489338,0.210061273
20/02/2020,0.37236477,0.934843472,-0.236026767,0.066278722,0.201074123
24/02/2020,0.292493864,0.527961873,-0.220957124,-0.016633267,0.100715073
25/02/2020,0.337014483,0.308024797,-0.31985454,-0.02044108,-0.001143109
26/02/2020,0.343287412,0.160667262,-0.425815514,-0.041834091,0.126178982
27/02/2020,0.388532693,-0.138444717,-0.494101377,-0.062207171,0.002712896
28/02/2020,0.195008824,-0.318792027,-0.621255027,-0.238969854,-0.035870734
02/03/2020,0.158089682,0.099087398,-0.504932646,-0.286354204,-0.005004531
03/03/2020,0.175463506,0.123280579,-0.58546297,-0.233887126,-0.190204297
04/03/2020,0.197662804,0.659921896,-0.557207138,-0.322850977,-0.088344522
05/03/2020,0.299372546,0.530161253,-0.622195953,-0.295372238,-0.165510825
06/03/2020,0.229152588,0.398200303,-0.730511847,-0.467723847,-0.23804782
09/03/2020,0.066516487,-0.314394193,-1.114327316,-0.695313152,-0.517391209
11/03/2020,0.147352052,-0.639897806,-1.184025569,-0.691029237,-0.446397955
12/03/2020,-0.09165616,-1.47785326,-1.620114728,-1.118831366,-0.810625394
13/03/2020,-0.146551767,-1.189738181,-1.068645717,-0.915644072,-0.60227494
16/03/2020,-0.366859165,-2.260825139,-1.373342451,-1.266721535,-0.873901859
17/03/2020,-0.216890945,-1.099565452,-1.126099911,-1.427530845,-0.63314178
18/03/2020,-0.410534345,-1.4294669,-1.554654047,-1.695254747,-0.802908604
19/03/2020,-0.616846561,-1.037982812,-1.455757031,-1.779688002,-0.728828825
20/03/2020,-0.101911305,-1.805559031,-1.625295231,-1.739893713,-0.770498661
23/03/2020,-0.541078957,-2.36639538,-1.919630557,-2.317846661,-0.875445599
24/03/2020,-0.159461825,-1.732980416,-1.472239467,-2.285608238,-0.650118144
25/03/2020,-0.013957371,-1.708787236,-1.313534139,-2.052086261,-0.63314178
26/03/2020,0.243630878,-1.218330121,-1.252782496,-1.859514629,-0.566778472
27/03/2020,0.112484561,-1.348092616,-1.43503542,-1.799151708,-0.76123845
30/03/2020,0.218173716,-1.055576926,-1.328603382,-2.000860233,-0.762781871
31/03/2020,0.493617963,-1.057777232,-1.21699084,-1.939392385,-0.893965384
01/04/2020,0.20683189,-1.363487351,-1.411017562,-2.098442379,-1.336902867
03/04/2020,0.145179935,-1.227128567,-1.45669916,-2.261469842,-1.461912693
07/04/2020,0.846881154,-1.070972586,-1.287632425,-1.953246464,-1.265908976
08/04/2020,0.885369152,-0.906019085,-1.205688908,-1.972973786,-1.202632511
09/04/2020,0.671576548,-0.802651927,-1.166130343,-1.808569148,-1.086882577
13/04/2020,0.609321642,-0.820246042,-1.266911615,-1.880916273,-1.136268884
15/04/2020,0.949796797,-0.741068361,-1.306941245,-1.95417277,-1.289059345
16/04/2020,0.825648071,-0.681686026,-1.383703056,-1.895875278,-1.318382445
17/04/2020,0.702342916,-0.547526623,-1.202862523,-1.678043391,-1.210349301
20/04/2020,0.585433957,-0.393570022,-1.233945542,-1.705037398,-1.27825603
21/04/2020,0.539223706,-0.576117637,-1.378993216,-1.89428595,-1.407895803
22/04/2020,0.705117672,-0.536528797,-1.362295495,-1.844564255,-1.363139442
23/04/2020,0.53946526,-0.846637676,-1.397600451,-1.748333719,-1.356966074
24/04/2020,0.456457889,-0.835640776,-1.352753539,-1.864146821,-1.361596339
27/04/2020,0.546583629,-0.851037362,-1.269262526,-1.780087409,-1.231955929
28/04/2020,0.472986897,-0.96980018,-1.212965747,-1.679802708,-1.222696037
29/04/2020,0.332550716,-0.824644802,-1.107528356,-1.60856051,-1.114662574
30/04/2020,0.243872432,-0.771860607,-1.236820437,-1.533034398,-1.245846087
04/05/2020,-0.027228826,-0.972000486,-1.26019845,-1.837441662,-1.395549385
05/05/2020,-0.126523963,-1.048978786,-1.272603273,-1.917676329,-1.375486178
06/05/2020,-0.202050946,-1.231526401,-1.285006894,-1.845804974,-1.386289174
07/05/2020,-0.245847526,-1.062175992,-1.305998315,-1.880270183,-1.326099234
08/05/2020,-0.010820283,-0.769659376,-1.250656093,-1.903881679,-1.261279348
11/05/2020,-0.110839771,-0.699281992,-1.190543093,-1.972285199,-1.282885977
12/05/2020,-0.198793082,-0.769659376,-1.272125394,-1.987184775,-1.35387955
13/05/2020,-0.236919371,-0.791655027,-1.386150184,-1.855936566,-1.404809278
14/05/2020,-0.212065159,-0.868189008,-1.355616406,-1.952226532,-1.429502432
15/05/2020,-0.149206058,-0.819386099,-1.379471096,-1.992097515,-1.461912693
19/05/2020,-0.28566158,-0.939179182,-1.327467616,-2.221191153,-1.373943075
20/05/2020,-0.248742748,-0.770578561,-1.218691081,-2.161023785,-1.338446289
21/05/2020,-0.296881695,-0.901466665,-1.329853005,-2.178889531,-1.451109379
22/05/2020,-0.255861117,-0.916994695,-1.397123774,-2.256438243,-1.671806569
26/05/2020,-0.280232221,-0.848225192,-1.122318167,-2.228993701,-1.542166159
27/05/2020,-0.231248459,-0.590885696,-0.920985341,-2.013073855,-1.486606484
28/05/2020,-0.20265452,-0.286963036,-0.964878098,-1.935006544,-1.576119843
29/05/2020,-0.08827783,-0.189353515,-1.060296456,-1.913341617,-1.659459514
01/06/2020,0.035267945,-0.113925703,-0.968695121,-1.800698539,-1.540623056
02/06/2020,0.032493189,-0.056245666,-0.85466993,-1.703754182,-1.48969269
03/06/2020,0.064104061,0.174470778,-0.820319128,-1.633973821,-1.318382445
04/06/2020,0.064344681,0.181125384,-0.794078248,-1.727510103,-1.335359764
05/06/2020,-0.015284361,0.298702425,-0.703908949,-1.618028748,-1.119292521
08/06/2020,0.042867865,0.360817323,-0.738736427,-1.592046041,-1.100772735
09/06/2020,0.030321072,0.154503259,-0.806959749,-1.670657183,-1.242758925
10/06/2020,0.061931632,0.323104805,-0.873753842,-1.606877556,-1.313752498
11/06/2020,0.031286664,-0.042936455,-1.0335797,-1.704612426,-1.586923157
12/06/2020,0.03213148,-0.034063956,-0.963923943,-1.682615822,-1.515929584
15/06/2020,-0.023246922,0.025833974,-0.962969787,-1.808688007,-1.540623056
16/06/2020,-0.042430221,0.307575849,-0.897131052,-1.743446544,-1.491236431
17/06/2020,-0.037845367,0.471737907,-0.920031587,-1.759586838,-1.52673258
18/06/2020,-0.068973754,0.431806571,-0.885203708,-1.631321731,-1.559142842
19/06/2020,0.031606972,0.547164793,-0.915737887,-1.566420245,-1.503582848
22/06/2020,0.051164431,0.509452276,-0.928142309,-1.503481929,-1.562229685
23/06/2020,0.185149318,0.511670169,-0.90428762,-1.408874585,-1.491236431
24/06/2020,0.12283309,0.309793743,-0.946748342,-1.551342048,-1.586923157
25/06/2020,0.226935646,0.358600355,-0.877092985,-1.537853511,-1.503582848
26/06/2020,0.180897845,0.274299119,-0.971080109,-1.523251415,-1.611616629
29/06/2020,0.250744889,0.081296117,-0.922894053,-1.562867415,-1.576119843
30/06/2020,0.243577961,-0.005223938,-0.927665232,-1.560971974,-1.616246257
02/07/2020,0.174944912,0.170032214,-0.896176897,-1.461860262,-1.472716008
06/07/2020,0.198875554,0.030271612,-0.865643119,-1.420085539,-1.259736245
07/07/2020,0.180776446,-0.069555803,-0.910489631,-1.347151754,-1.420242858
08/07/2020,0.258276638,-0.069555803,-0.933866841,-1.354520698,-1.498952902
09/07/2020,0.233495577,-0.264777624,-0.967741367,-1.299691042,-1.586923157
10/07/2020,0.34998991,-0.153857039,-0.881386685,-1.386172793,-1.531363163
13/07/2020,0.450691102,-0.031844212,-0.864212286,-1.438733167,-1.529819742
14/07/2020,0.37659134,0.021397262,-0.797896073,-1.557223923,-1.52055953
15/07/2020,0.474741898,0.070203874,-0.752572484,-1.565969708,-1.471172905
16/07/2020,0.505597914,0.056892811,-0.753526238,-1.522384539,-1.495866377
17/07/2020,0.619052901,0.176689597,-0.74875506,-1.45954815,-1.573032999
20/07/2020,0.610306535,0.081296117,-0.792648218,-1.399193861,-1.569946793
21/07/2020,0.578846011,0.145629834,-0.756389106,-1.320973495,-1.488149587
22/07/2020,0.409997368,0.209964476,-0.771179318,-1.303872698,-1.58074947
23/07/2020,0.319742136,1.057401517,-0.784537495,-1.26965384,-1.613159732
24/07/2020,0.314761021,1.16388724,-0.79949729,-1.341363506,-1.630136414
27/07/2020,0.344401175,1.361326954,-0.814939375,-1.479615449,-1.71810667
28/07/2020,0.39554149,1.403476183,-0.858853781,-1.43602198,-1.705759934
29/07/2020,0.368209795,1.631974735,-0.830381059,-1.44088359,-1.579206367
30/07/2020,0.304286424,1.450063051,-0.822660418,-1.513936234,-1.704216512
31/07/2020,0.339175394,1.237094381,-0.863195991,-1.515091958,-1.721193194
04/08/2020,0.309653527,1.518834406,-0.858853781,-1.540513901,-1.835400025
05/08/2020,0.301723338,1.39238394,-0.795636569,-1.537207753,-1.849290183
06/08/2020,0.364915822,1.327330056,-0.757513646,-1.514658686,-1.917197231
07/08/2020,0.340762303,1.164133467,-0.718424942,-1.495721878,-1.92337028
10/08/2020,0.331489872,1.13730677,-0.678370856,-1.470861031,-1.86935339
11/08/2020,0.341005724,0.960697295,-0.609363764,-1.415283358,-1.745886667
12/08/2020,0.303065581,1.273676662,-0.591025937,-1.409027641,-1.6486562
13/08/2020,0.311727279,1.213316825,-0.609846454,-1.420527443,-1.769036717
14/08/2020,0.25134068,1.108245518,-0.619014766,-1.508402969,-1.77829661
17/08/2020,0.305383377,1.177548204,-0.636387613,-1.504756844,-1.790643027
18/08/2020,0.350032866,1.244614484,-0.625770829,-1.424904652,-1.838486868
19/08/2020,0.299406164,1.244614484,-0.607915693,-1.405304822,-1.829226657
20/08/2020,0.280130415,1.249086371,-0.59681702,-1.453998285,-1.864723443
21/08/2020,0.320023534,1.135072215,-0.59681702,-1.40297611,-1.877070179
24/08/2020,0.301357895,1.296031471,-0.547594222,-1.312304071,-1.782926875
25/08/2020,0.264028484,1.273676662,-0.500302586,-1.268251433,-1.812250293
26/08/2020,0.273056248,1.300502433,-0.428881641,-1.213506771,-1.849290183
27/08/2020,0.244874756,1.322859094,-0.404753534,-1.181863308,-1.875526758
28/08/2020,0.197785449,1.266971145,-0.444807218,-1.024887044,-1.815336499
31/08/2020,0.113367042,1.139545028,-0.528774106,-1.155685048,-1.878613283
01/09/2020,0.221452747,1.152956988,-0.543251612,-1.145885134,-1.93880386
02/09/2020,0.172655753,1.439107806,-0.53794322,-1.135252208,-1.909480441
03/09/2020,0.166555273,1.186491054,-0.600677742,-1.193677523,-1.966583538
04/09/2020,0.131177593,1.045649274,-0.645556727,-1.281961088,-1.918740015
08/09/2020,0.174119395,1.159662505,-0.675475916,-1.327365003,-1.995906638
09/09/2020,0.14972121,1.705140221,-0.617084806,-1.408517675,-1.943433487
10/09/2020,0.153746693,1.477111908,-0.669684834,-1.374656059,-2.020600428
11/09/2020,0.215597556,1.676078043,-0.632527292,-1.372318714,-2.026773796
14/09/2020,0.128372019,1.626895611,-0.599229269,-1.436693302,-2.031403743
15/09/2020,0.130689504,1.785621238,-0.586683327,-1.374749353,-2.020600428
16/09/2020,0.177169947,1.729731437,-0.657138491,-1.356407506,-2.069987054
17/09/2020,0.139839291,1.785621238,-0.663894152,-1.399448844,-2.108570365
18/09/2020,0.067863398,1.434638695,-0.715046109,-1.448626376,-2.171847467
21/09/2020,-0.080724291,1.211081344,-0.76909541,-1.56154137,-2.340071188
22/09/2020,-0.107562607,1.34745031,-0.770543081,-1.600247996,-2.38482723
23/09/2020,-0.044736501,1.33403835,-0.803840301,-1.593550375,-2.374023916
24/09/2020,-0.024364109,1.365335083,-0.776816052,-1.716222787,-2.378654499
25/09/2020,0.019920248,1.416752996,-0.762338947,-1.626893725,-2.421867438
28/09/2020,-0.018508295,1.620189168,-0.710703498,-1.510765878,-2.136350681
29/09/2020,-0.09194783,1.660428751,-0.790328177,-1.553976873,-2.222777833
30/09/2020,-0.006430291,1.609011763,-0.810596364,-1.547092331,-2.19499688
01/10/2020,0.058835323,1.662664232,-0.807217531,-1.412087438,-2.205800513
05/10/2020,0.097995375,1.890691619,-0.712634661,-1.390847483,-2.136350681
06/10/2020,0.109828402,1.620189168,-0.706843578,-1.308785438,-2.131720734
07/10/2020,0.167042739,1.689490929,-0.608881475,-1.289899427,-2.073073579
08/10/2020,0.219378372,1.729731437,-0.606950713,-1.251388687,-2.080790687
09/10/2020,0.167775494,1.930932128,-0.624322758,-1.139969394,-2.110114105
13/10/2020,0.164237477,1.946580494,-0.626736611,-1.200247653,-2.16567378
14/10/2020,0.212913071,2.002470295,-0.637352994,-1.135235275,-2.249014089
15/10/2020,0.199249713,1.74761621,-0.637835684,-1.27160871,-2.222777833
16/10/2020,0.194370699,1.850452037,-0.62480625,-1.193269484,-2.174933992
19/10/2020,0.260856533,1.635837535,-0.682231979,-1.068582772,-2.154870466
20/10/2020,0.249388327,1.783385757,-0.694295632,-1.060924648,-2.14406747
21/10/2020,0.225112164,1.586655102,-0.654242348,-1.005975801,-2.148697417
22/10/2020,0.264637971,1.584419621,-0.624322758,-1.031627162,-2.103940419
23/10/2020,0.178023479,1.528529821,-0.623347755,-1.03262153,-1.994363535
26/10/2020,0.233895884,1.403340111,-0.710696683,-1.101101743,-2.017513904
27/10/2020,0.25817267,1.454758024,-0.788286765,-0.983120953,-1.895590284
28/10/2020,0.262224301,0.866804319,-0.872220377,-1.074404885,-2.05146695
29/10/2020,0.15847318,0.82735618,-0.789263371,-1.098288298,-1.952693699
30/10/2020,0.033725238,0.63123091,-0.776086804,-1.130773072,-1.978930274
02/11/2020,0.03544413,0.852151968,-0.769743675,-0.962212343,-1.912566966
03/11/2020,-0.00458284,1.111396481,-0.689225778,-0.827870141,-1.738169877
04/11/2020,0.006099382,1.38641988,-0.577476929,-0.812775343,-1.903307073
05/11/2020,0.109974081,1.539711854,-0.624323158,-0.720726462,-1.818423343
06/11/2020,0.089837018,1.668208039,-0.601388147,-0.638137519,-1.77829661
09/11/2020,0.184134543,1.623120749,-0.556005624,-0.513170259,-1.421785961
10/11/2020,0.194080585,1.778666717,-0.471584109,-0.330959306,-1.441849805
11/11/2020,0.180696758,2.010860522,-0.435472931,-0.290332006,-1.310666292
12/11/2020,0.330368638,1.956754478,-0.428153195,-0.386579475,-1.472716008
13/11/2020,0.313793561,1.961266169,-0.422785068,-0.354808853,-1.431045853
17/11/2020,0.294762478,1.408963526,-0.273461736,-0.233164674,-1.372399016
18/11/2020,0.183029496,1.226364999,-0.243206587,-0.136517797,-1.321469606
19/11/2020,0.179714978,1.160989909,-0.248574714,-0.280464029,-1.299862978
20/11/2020,0.153929103,1.174517577,-0.231007428,-0.223866424,-1.316839341
23/11/2020,0.176398593,0.951339748,-0.169033023,-0.259870164,-1.264365873
24/11/2020,0.245034755,0.919781052,-0.066068017,-0.138659589,-1.102315838
25/11/2020,0.192238426,1.634393497,-0.066068017,-0.230597911,-1.088425681
27/11/2020,0.198008948,1.460811873,-0.044108008,-0.160452007,-1.066818733
01/12/2020,0.185362234,1.293995008,-0.098763078,-0.124958566,-1.00508569
02/12/2020,0.200710243,1.145210098,-0.130482334,-0.185253425,-0.929462171
03/12/2020,0.172346963,0.890474498,-0.157322167,-0.187701329,-0.870815653
04/12/2020,0.310968377,1.000935953,-0.190993032,-0.085087583,-0.838405391
07/12/2020,0.487652578,0.894983412,-0.162689893,-0.058033815,-1.000455744
08/12/2020,0.497108043,1.023477746,-0.158785473,-0.049474951,-1.108488888
09/12/2020,0.57617958,1.059546283,-0.137313767,0.026594993,-1.063732527
10/12/2020,0.719221803,1.0324965,-0.128042021,-0.007241391,-1.083795416
11/12/2020,0.778894324,1.118158464,-0.131458139,0.008822541,-1.119292521
14/12/2020,0.769071549,0.931051023,-0.205144201,0.03279958,-1.099228676
15/12/2020,0.644570452,0.967121411,-0.226615506,0.023475766,-1.059102262
16/12/2020,0.703259949,1.206077199,-0.210023624,0.024725117,-1.102315838
17/12/2020,0.632904272,1.17902464,-0.226127604,0.049994004,-1.097685573
18/12/2020,0.677474696,1.073073025,-0.244670694,0.027487433,-1.173309093
21/12/2020,0.609945449,0.910763223,-0.260773873,-0.186392548,-1.268995819
22/12/2020,0.622345629,0.899492326,-0.27248553,-0.157579464,-1.276712609
23/12/2020,0.768089146,0.982901222,-0.205144201,-0.113832606,-1.199545349
24/12/2020,0.846424194,1.048276311,-0.202703487,-0.025625735,-1.196459143
29/12/2020,0.802346216,1.375148058,-0.188552319,0.130814998,-1.231955929
30/12/2020,0.857107349,1.548729682,-0.20709581,0.127508851,-1.213435825
31/12/2020,0.829602582,1.426998257,-0.218319565,0.120879291,-1.21806609
04/01/2021,0.90597407,1.465319861,-0.213928044,0.112107609,-1.244302665
05/01/2021,0.965032745,1.47208277,-0.181232583,0.198767981,-1.214978928
06/01/2021,0.883381935,1.492372421,-0.106571117,0.211627693,-0.863098863
07/01/2021,0.764406695,1.30526498,-0.048501132,0.23850284,-0.884705492
08/01/2021,0.819289228,1.465319861,-0.052892653,0.260295258,-0.915572013
11/01/2021,0.912358438,1.237635895,-0.059724487,0.245795421,-0.97421885
12/01/2021,0.78171764,1.140703035,-0.029469338,0.303608512,-0.893965384
13/01/2021,0.773001157,1.158734989,-0.024589113,0.343666415,-0.985022164
14/01/2021,0.837338531,1.309773894,-0.043132604,0.334333969,-0.927918431
15/01/2021,0.720941318,1.273704432,-0.032397152,0.287935686,-0.995825479
19/01/2021,0.7504084,1.206077199,-0.061676496,0.318201975,-0.893965384
20/01/2021,0.732727653,1.244398804,-0.048501132,0.338405066,-0.924831906
21/01/2021,0.761458244,1.327807699,-0.059724487,0.277753297,-0.826058655
22/01/2021,0.863860274,1.269195518,-0.083147802,0.104424252,-0.923288803
25/01/2021,0.839917803,1.564509493,-0.082655089,0.109719467,-1.003542268
27/01/2021,0.819535762,1.197058445,-0.191595193,-0.04562464,-1.00508569
28/01/2021,0.59631571,1.138448115,-0.13786421,-0.033087974,-1.032865368
29/01/2021,0.506684906,0.971629399,-0.220186583,0.002133552,-1.181026201
01/02/2021,0.469112697,0.980647227,-0.169906597,0.431108669,-1.157875832
02/02/2021,0.424542273,1.0527843,-0.113710445,0.63149945,-1.113119153
03/02/2021,0.430436063,1.188041542,-0.119625007,0.714887539,-1.128552413
04/02/2021,0.461747171,0.410308001,-0.082161574,0.814560679,-1.056015737
05/02/2021,0.520559312,0.223202411,-0.063430459,0.867206047,-1.089969102
08/02/2021,0.43976826,0.223202411,-0.041247546,0.923157562,-1.076079263
09/02/2021,0.389672603,0.101470986,-0.044205027,0.935541504,-1.003542268
10/02/2021,0.436944943,0.049622638,-0.100400377,0.889066859,-0.966501742
11/02/2021,0.504474191,0.072165358,-0.106316542,0.883797209,-0.998912003
12/02/2021,0.451801129,0.22996532,-0.087091511,0.944448646,-0.926375646
16/02/2021,0.340191414,0.385513139,-0.074275358,1.112652465,-0.622338147
17/02/2021,0.261119876,0.232221165,-0.029416819,1.080788216,-0.600731518
18/02/2021,0.219250747,0.358461505,0.056355347,1.02572051,-0.679441562
19/02/2021,0.30335694,0.078928266,0.088889644,0.899011198,-0.654748409
22/02/2021,0.270204917,0.06314753,0.152972813,0.799669403,-0.589927885
23/02/2021,0.298812863,0.313375141,0.207196107,0.775828488,-0.60999173
24/02/2021,0.297831084,0.051874781,0.192900212,1.002823164,-0.531281367
25/02/2021,0.259645651,0.066442897,0.117480633,1.019260939,-0.559061683
26/02/2021,0.182906229,-0.33183187,0.019384627,0.722562927,-0.631598677
01/03/2021,0.210778308,-0.199833894,0.087410703,0.806265098,-0.684071827
02/03/2021,0.29562099,-0.058730151,0.085438648,0.827292567,-0.645488516
03/03/2021,0.3338058,-0.017765773,0.088396931,0.988501616,-0.582211414
04/03/2021,0.342156218,-0.008660932,0.094311893,0.892364374,-0.634684883
05/03/2021,0.352470195,0.11423498,0.226914252,0.794731099,-0.488068428
08/03/2021,0.287271818,0.105131065,0.321559263,0.802822827,-0.367687593
09/03/2021,0.346084581,0.134718095,0.312193304,0.903098895,-0.446397955
10/03/2021,0.418158527,0.298580237,0.393036736,0.915448973,-0.420161061
12/03/2021,0.36143259,0.366855435,0.418175927,0.840373065,-0.513469567
15/03/2021,0.376412043,0.37140693,0.392050909,0.786980013,-0.538773526
16/03/2021,0.45794083,0.589887935,0.395501103,0.722732916,-0.568822136
17/03/2021,0.414352809,0.507957327,0.416204674,0.624929652,-0.497654593
18/03/2021,0.387093953,0.54664642,0.44726003,0.561617493,-0.409090739
19/03/2021,0.624924901,0.380508994,0.42261275,0.613430182,-0.481839938
22/03/2021,0.725974728,0.489750422,0.39500839,0.518550591,-0.576729464
23/03/2021,0.686929538,0.56940482,0.3881072,0.617305393,-0.627337381
24/03/2021,0.641009401,0.487476989,0.394021761,0.465820229,-0.670038288
25/03/2021,0.440751285,0.56030183,0.410289311,0.417067337,-0.625756361
26/03/2021,0.639289886,0.608093914,0.448245456,0.470061314,-0.605196735
30/03/2021,0.837829732,0.54664642,0.452189567,0.56472842,-0.56091449
31/03/2021,0.918252851,0.526166083,0.389585339,0.467630343,-0.60835973
01/04/2021,0.838689489,0.532991936,0.395993415,0.561821347,-0.589381443
05/04/2021,0.77508736,0.633129449,0.420640695,0.361379105,-0.556170157
06/04/2021,0.861281624,0.674095679,0.420147581,0.331206111,-0.575148126
07/04/2021,0.853791587,0.721887762,0.423106265,0.414475009,-0.513469567
08/04/2021,0.86521061,0.796990665,0.435429705,0.379058262,-0.426487051
09/04/2021,1.027529205,0.735544098,0.450710225,0.322145912,-0.488165609
12/04/2021,0.993150736,0.760578707,0.474371678,0.040635993,-0.513469567
13/04/2021,0.974486964,0.756026287,0.454161221,0.207156857,-0.5909631
15/04/2021,0.989834973,0.888024263,0.495567962,0.265165501,-0.587800423
16/04/2021,0.985537431,0.922163713,0.518737503,0.242148964,-0.537192188
19/04/2021,0.930899565,0.947198323,0.492117767,0.111419354,-0.508724916
20/04/2021,0.834637237,0.976784427,0.425571033,0.095151236,-0.621011391
22/04/2021,0.716643153,0.828852054,0.441990125,0.209026733,-0.690597595
23/04/2021,0.614365013,0.765129276,0.477315929,0.198776613,-0.625756361
26/04/2021,0.744268698,0.769681697,0.486769686,0.2927548,-0.57831112
27/04/2021,0.791417771,0.676371889,0.504681349,0.370983467,-0.358482822
28/04/2021,0.856984082,0.744647087,0.536026962,0.538839008,-0.341086191
29/04/2021,0.859562732,1.229403031,0.554437352,0.537427969,-0.200332763
30/04/2021,0.727325686,1.183886232,0.514632229,0.378879641,-0.279407952
03/05/2021,0.860544511,1.295402945,0.553441502,0.325154579,-0.369553463
04/05/2021,0.859684131,1.09057735,0.544983595,0.291938721,-0.360064797
05/05/2021,0.827761045,1.233956377,0.600709084,0.379202354,-0.233544368
06/05/2021,0.816342644,1.404644373,0.627079456,0.386699121,-0.216147737
07/05/2021,0.868402483,1.416024498,0.661410613,0.399737122,-0.219310732
10/05/2021,0.921690013,1.577609504,0.667381301,0.440177168,-0.186099446
11/05/2021,0.846056882,1.482024412,0.619118672,0.394246354,-0.285733623
12/05/2021,0.666424852,1.454712666,0.645489446,0.322868364,-0.344249505
14/05/2021,0.784051624,1.609471819,0.741018854,0.274804059,-0.198751425
17/05/2021,0.78257802,1.714161752,0.762413987,0.494038353,-0.250940999
18/05/2021,0.777666633,1.661817248,0.804705928,0.572768354,-0.246196028
19/05/2021,0.742058605,1.602645039,0.789779007,0.532447167,-0.233544368
20/05/2021,0.70375115,1.771586305,0.79624762,0.472840895,-0.236707681
21/05/2021,0.748198306,1.707315534,0.82112502,0.689125619,-0.246196028
25/05/2021,0.703505238,1.801427893,0.820626694,0.698492262,-0.233544368
26/05/2021,0.727939532,1.760110836,0.869885173,0.702265878,-0.230381373
27/05/2021,0.660163128,1.486956355,0.947005794,0.772106001,-0.162376825
28/05/2021,0.648622083,1.585659087,0.928098682,0.779993211,-0.095953616
01/06/2021,0.73849942,1.58795381,0.939542534,0.813268499,-0.211403404
02/06/2021,0.739726489,1.691246915,0.946010747,0.819481719,-0.146561851
03/06/2021,0.750654311,1.709611183,0.952976483,0.866271109,-0.228799716
04/06/2021,0.698594473,1.732563972,0.957454198,0.805525381,-0.235125706
07/06/2021,0.691840925,1.746336016,0.948498366,0.831363664,-0.230381373
08/06/2021,0.74021769,1.684360893,0.931083825,0.770448611,-0.258848326
09/06/2021,0.732850297,1.578771214,0.893270001,0.722035697,-0.336341858
10/06/2021,0.788839744,1.709611183,0.882324073,0.778250827,-0.361645498
11/06/2021,0.758634927,1.677474871,0.951981034,0.764005641,-0.337922878
14/06/2021,0.79598426,1.7853602,0.967406281,0.747551266,-0.318945546
15/06/2021,0.863631794,1.7853602,1.013180488,0.798063143,-0.341086191
16/06/2021,0.903083517,1.730268323,1.030595029,0.756543403,-0.330015869
17/06/2021,0.927322327,1.789950573,1.000741989,0.688870636,-0.380623786
18/06/2021,1.088589415,1.477773758,0.945015699,0.680813437,-0.541936839
21/06/2021,1.166379721,1.58795381,0.959942219,0.73407103,-0.513469567
22/06/2021,1.106768834,1.58795381,0.93904501,0.712601324,-0.562496146
23/06/2021,1.082653914,1.48465978,0.929094131,0.683533256,-0.56565946
24/06/2021,1.106521677,1.415798636,0.932576798,0.726540397,-0.537192188
25/06/2021,1.003874358,1.496138026,0.955464102,0.817934556,-0.507143578
28/06/2021,1.032443083,1.480067556,0.923620966,0.817050748,-0.581474115
29/06/2021,1.112459046,1.422684658,0.930089178,0.757699459,-0.635245345
30/06/2021,1.059898046,1.248231983,0.926606511,0.717224884,-0.654222996
02/07/2021,1.099473036,1.351526013,0.948498366,0.723633325,-0.655804971
06/07/2021,1.062866419,1.406616965,0.946010747,0.854397133,-0.676364278
07/07/2021,1.085497775,1.574180841,0.944518175,0.88706086,-0.662130961
08/07/2021,1.001154386,1.406616965,0.936059867,0.802542611,-0.761765138
09/07/2021,1.010800355,1.47547996,0.965415383,0.768178997,-0.674782621
12/07/2021,0.992744203,1.532863784,1.032585125,0.789758929,-0.689015939
13/07/2021,0.974317005,1.546636754,1.045521549,0.870418568,-0.685853262
14/07/2021,0.920273685,1.539750732,1.083335774,0.869543391,-0.701668236
15/07/2021,0.914089782,1.50991007,1.111695842,0.910238421,-0.738042836
16/07/2021,0.926580233,1.626977069,1.023629694,0.88374608,-0.836095675
19/07/2021,0.904938128,1.493841451,0.92411849,0.769411415,-0.980011779
20/07/2021,0.969865068,1.321685351,0.946508671,0.656581415,-0.940474185
22/07/2021,0.829498614,0.564200731,0.940039657,0.701093222,-0.86456231
23/07/2021,0.779906609,0.903920708,0.96714048,0.761795788,-0.850328992
26/07/2021,0.756656427,0.614699459,0.994240501,0.747397878,-0.818699044
27/07/2021,0.74107309,0.77996676,1.028367196,0.721517099,-0.796557762
28/07/2021,0.78806839,0.812103998,1.033385733,0.676546455,-0.834514018
29/07/2021,0.7221522,1.023282431,1.051453349,0.703506929,-0.817117706
30/07/2021,0.718565623,1.025576229,1.010300783,0.685292905,-0.856654982
03/08/2021,0.851017453,1.094441076,1.01531932,0.791212466,-0.810791398
04/08/2021,0.826901287,0.993441769,1.061490023,0.930705458,-0.818699044
05/08/2021,0.778916736,1.065923189,1.097624053,0.89784651,-0.771254122
06/08/2021,0.813049916,0.970979582,1.158851169,0.893511798,-0.7238092
09/08/2021,0.845204596,1.079816495,1.169389777,0.930858183,-0.726972195
10/08/2021,0.838526378,1.040451665,1.220077885,0.931734023,-0.734879523
11/08/2021,0.85992195,1.098343679,1.250190312,0.893027065,-0.689015939
12/08/2021,0.864497154,1.026555582,1.256211915,0.915236487,-0.714320216
13/08/2021,0.894672711,1.197917462,1.255207646,0.954724995,-0.71906423
16/08/2021,0.948841165,1.065923189,1.261230051,0.942001075,-0.760183481
17/08/2021,1.090815695,1.042764902,1.239650902,0.903405008,-0.806047384
18/08/2021,1.096381395,0.859824805,1.235133898,0.850207177,-0.823443696
20/08/2021,1.426211993,0.873719036,1.288330072,0.761702826,-0.868290546
23/08/2021,1.462694721,0.876035976,1.289334742,0.777094771,-0.865087086
24/08/2021,1.45985086,0.774142476,1.304892287,0.876997661,-0.911535985
25/08/2021,1.489532102,0.688461074,1.360095796,0.855604318,-0.829850298
26/08/2021,1.542462904,0.727830531,1.330989243,0.860925097,-0.897120732
27/08/2021,1.571030384,0.674567768,1.316433961,0.862667481,-0.868290546
30/08/2021,1.59514655,0.741722911,1.25570958,0.985033449,-0.943569312
31/08/2021,1.685179528,0.713934448,1.181936521,0.99811461,-0.982009561
01/09/2021,1.706945523,0.792668735,1.17641605,1.023561786,-0.945171361
02/09/2021,1.875509655,0.524047235,1.184445389,1.067248882,-0.953179375
03/09/2021,1.790547441,0.59120423,1.175914517,1.055323776,-0.954781105
07/09/2021,1.817754624,0.56572993,1.199501401,1.005627978,-1.012441477
08/09/2021,1.875137986,0.653725495,1.17390638,1.056522329,-1.038068522
09/09/2021,1.899254151,0.521732147,1.193980529,1.04207329,-1.054085504
13/09/2021,1.839150195,0.607412624,1.159854636,1.006137944,-0.999628273
14/09/2021,1.780282647,0.642148203,1.123218272,1.030148848,-1.110144147
15/09/2021,1.812190169,0.547202745,1.179928785,1.070810012,-1.092525434
16/09/2021,1.794381175,0.449944976,1.18043112,1.209580553,-1.134169143
17/09/2021,1.680603701,0.313317749,1.084575776,1.233948035,-1.092525434
20/09/2021,1.873778312,0.378156879,0.987717365,1.120693063,-1.275116932
21/09/2021,1.903706089,0.433734731,0.967642815,1.136017943,-1.287930136
22/09/2021,1.834574991,0.463838282,1.021843659,1.086516703,-1.153388948
23/09/2021,1.829133181,0.524047235,1.109166528,1.22710599,-1.0781105
24/09/2021,1.740954813,0.456891166,1.096620586,1.237067593,-1.090923704
27/09/2021,1.649067847,0.382788907,1.099631387,1.295025108,-0.972399817
28/09/2021,1.684561324,0.422154662,1.029872998,1.256565164,-1.058890695
29/09/2021,1.589210426,0.519415208,1.03689887,1.222227447,-0.998026543
30/09/2021,1.630022445,0.375841791,1.002772576,1.168188305,-1.02845846
01/10/2021,1.635587523,0.373525777,1.006787245,1.134326024,-0.991619942
04/10/2021,1.591436706,0.280898185,1.011303849,1.194459527,-1.036466792
05/10/2021,1.646964212,0.195215856,1.063999292,1.221887469,-0.911535985
06/10/2021,1.591065659,0.104903352,1.067512027,1.184583582,-0.778596527
07/10/2021,1.549883215,0.077114889,1.095616718,1.223961199,-0.70331776
08/10/2021,1.477288807,0.009959745,1.122215607,1.227709582,-0.65686918
12/10/2021,1.566578447,-0.073405644,1.116695136,1.35456365,-0.567174842
13/10/2021,1.493860772,0.086378018,1.135263483,1.373984859,-0.568776572
14/10/2021,1.500786147,0.125745624,1.195486331,1.493852125,-0.541548116
18/10/2021,1.511792412,0.028485078,1.266248588,1.552311637,-0.466269031
19/10/2021,1.246641596,-0.020145657,1.280300733,1.527782135,-0.434235703
20/10/2021,1.078077464,0.047010412,1.309408891,1.523991254,-0.421422181
21/10/2021,0.996701204,0.18132255,1.320950163,1.611025469,-0.411812119
22/10/2021,1.017355305,0.257739898,1.364111268,1.66090852,-0.408608659
25/10/2021,1.021684597,0.211426101,1.379290358,1.808586203,-0.331728162
26/10/2021,1.011729216,0.324895967,1.391938933,1.816389083,-0.296491374
27/10/2021,0.911562182,0.218373217,1.305421082,1.754521828,-0.344541684
28/10/2021,0.894266178,0.297107504,1.312503081,1.522418859,-0.346143414
29/10/2021,0.902975814,0.227636347,1.195626648,1.455554202,-0.400600327
01/11/2021,0.937692334,0.271635981,1.219912712,1.565732112,-0.3221181
02/11/2021,0.967057938,0.283212347,1.29024119,1.595429006,-0.379778154
03/11/2021,0.948269031,0.338791124,1.365123154,1.504247332,-0.363762127
04/11/2021,0.976888184,0.177052458,1.382326016,1.533425627,-0.531938054
08/11/2021,0.999409969,0.163029559,1.356521722,1.510400791,-0.531938054
09/11/2021,0.99754353,0.195750891,1.368158811,1.498595208,-0.567174842
10/11/2021,0.92039633,0.200425499,1.376254701,1.43985548,-0.587996697
11/11/2021,0.860794158,0.081225767,1.418249169,1.36114208,-0.573581763
12/11/2021,0.93234204,0.081225767,1.418249169,1.390576021,-0.571980033
15/11/2021,0.981617161,0.048504435,1.379290358,1.385306372,-0.527132864
16/11/2021,0.936572968,-0.023949215,1.389408817,1.318118338,-0.493497806
17/11/2021,0.897999057,-0.080042662,1.364617612,1.272977706,-0.483887744
18/11/2021,0.918530513,-0.185219495,1.345896519,1.261877311,-0.485489155
22/11/2021,0.891528775,-0.19690509,1.337801432,1.11782052,-0.55596305
23/11/2021,0.905589327,0.032143306,1.339825605,1.142298893,-0.472675952
24/11/2021,0.857185792,-0.002915329,1.362087496,1.171052216,-0.474277363
26/11/2021,0.75851166,0.088238605,1.290746732,0.930271854,-0.768986465
29/11/2021,0.744326596,0.151342113,1.241669061,0.921933776,-0.757774673
30/11/2021,0.71483648,-0.29507001,1.068125012,0.874141719,-0.783401399
01/12/2021,0.782775995,-0.351163457,1.039790202,0.987965754,-0.756172942
02/12/2021,0.878463077,-0.157172771,1.161220923,1.012333899,-0.626436945
03/12/2021,0.779788945,-0.192230481,1.186519274,0.959450149,-0.664877193
06/12/2021,0.687337315,0.118620781,1.20776968,0.881042861,-0.599208489
07/12/2021,0.724915751,0.055515422,1.271520899,1.031057889,-0.522327992
08/12/2021,0.772199298,0.202763728,1.237115575,1.144321493,-0.563971701
09/12/2021,0.770083834,0.184065296,1.241669061,1.109941278,-0.559166829
10/12/2021,0.75278783,0.265867236,1.264436896,1.113884883,-0.55756478
13/12/2021,0.681986399,0.228472222,1.178423385,1.083219187,-0.666478923
14/12/2021,0.716702919,0.214448398,1.185506987,1.077898408,-0.615225471
15/12/2021,0.723297713,0.137319214,1.271520899,1.060151854,-0.607216821
16/12/2021,0.694803073,0.277554683,1.329705943,1.019201177,-0.46466762
17/12/2021,0.497579322,0.137319214,1.304913135,0.861111686,-0.523930041
20/12/2021,0.594262502,0.097586895,1.254823979,0.660729538,-0.525531134
21/12/2021,0.603594699,0.041492523,1.334765774,0.689287639,-0.514319342
22/12/2021,0.615539787,0.081225767,1.386373961,0.760963109,-0.475879412
23/12/2021,0.672778092,0.165366863,1.439500378,0.788441517,-0.432633973
29/12/2021,0.688208279,0.352346562,1.49768462,0.763665664,-0.376575331
30/12/2021,0.734869264,0.342997346,1.480989304,0.76675999,-0.384583344
31/12/2021,0.820851234,0.392078881,1.470362898,0.837831867,-0.387786804
04/01/2022,0.923134355,0.39441711,1.601406135,1.068752883,-0.120306796
05/01/2022,0.959343778,0.371044069,1.676289703,1.214220713,-0.163552235
06/01/2022,0.898620996,0.247169729,1.75167761,1.179262803,-0.019400666
07/01/2022,0.960214119,0.39441711,1.849833752,1.221649751,0.027047914
10/01/2022,0.937568444,0.494916558,1.889298907,1.325053346,0.121547124
11/01/2022,0.929107211,0.429475746,1.953049324,1.341083413,0.185613779
12/01/2022,0.952748361,0.347671028,2.013764885,1.389589954,0.273706068
13/01/2022,0.955361875,0.366369461,2.034509349,1.345800599,0.389026813
14/01/2022,0.829686005,0.508941308,2.130136578,1.328878092,0.445085774
18/01/2022,0.844120094,-1.323455117,2.200970196,1.301663299,0.393831685
19/01/2022,0.695798549,-0.484385162,2.115462628,1.272943841,0.352189251
20/01/2022,0.576095534,-0.633968922,2.029955862,1.240560994,0.278511577
21/01/2022,0.734371838,-0.655003733,1.996561221,1.193550486,0.208037364
24/01/2022,0.632836413,0.33364813,1.930281089,1.087010068,0.153580451
25/01/2022,0.73897568,0.141994748,1.883340647,1.216065356,0.308943494
27/01/2022,0.659589126,-0.213266218,1.929771137,1.262872011,0.509153067
28/01/2022,0.630223522,-0.189894103,1.983344964,1.213115787,0.461103075
31/01/2022,0.605834675,-0.168860217,2.072635478,1.261724587,0.480322562
01/02/2022,0.685221851,-0.229627347,2.134373349,1.351843831,0.690143154
02/02/2022,0.740593095,-0.213266218,2.166008014,1.492084508,0.746201478
03/02/2022,0.666556835,-0.077707209,2.135394857,1.43760313,0.699752897
04/02/2022,0.68758634,-0.166521062,2.171620694,1.400095389,0.725379305
07/02/2022,0.565643349,0.032143306,2.115496304,1.265140961,0.797455567
08/02/2022,0.582441304,0.043829827,2.20529677,1.270750588,0.909572852
09/02/2022,0.615539787,0.006433887,2.149170777,1.369650147,0.837497227
10/02/2022,0.629227424,-0.20859161,2.107842213,1.437764486,0.847107608
11/02/2022,0.566638825,0.144331126,2.13998683,1.353841198,0.839099276
14/02/2022,0.493349639,-0.119776831,2.076207548,1.080380509,0.79425147
15/02/2022,0.646523428,-0.145486251,2.076207548,1.294829886,0.776633394
16/02/2022,0.637564768,-0.054334168,2.069574163,1.258061198,0.734989686
17/02/2022,0.689950206,-0.09874202,1.895585108,1.186300069,0.629279321
18/02/2022,0.702393343,0.043829827,1.87466585,1.197774307,0.678931362
22/02/2022,0.596377343,-0.178207583,1.940996496,1.159101877,0.723777893
23/02/2022,0.57261168,-0.119776831,1.846093302,1.162570045,0.701354946
24/02/2022,0.351124217,-0.604182874,1.699145335,0.794723131,0.371408738
25/02/2022,0.349381667,-0.252617163,1.839969869,0.999159775,0.592440484
28/02/2022,0.352866766,-0.318683724,1.831806627,0.960835956,0.315350414
02/03/2022,0.295628461,-0.696205082,1.700166843,0.819320363,0.236867231
03/03/2022,0.15103855,-0.925077602,1.772108565,0.746480205,0.108733601
04/03/2022,-0.026897934,-1.40169695,1.731800706,0.655281267,-0.214805687
07/03/2022,-0.21491369,-1.826409635,1.632306341,0.394084997,-0.317312909
08/03/2022,-0.20234604,-1.866522401,1.57822176,0.442846522,-0.192381784
09/03/2022,-0.080652385,-1.463046323,1.706289475,0.554588195,-0.062646105
10/03/2022,0.178289312,-1.715513118,1.734862022,0.666806634,-0.064293717
11/03/2022,0.159499784,-1.809892994,1.726698781,0.67881607,-0.08901013
14/03/2022,0.072149423,-1.715513118,1.774150778,0.80901015,0.027980849
15/03/2022,0.019639161,-1.706075037,1.825174044,0.759798421,-0.018156752
16/03/2022,0.104127606,-1.543268154,1.864461998,0.883142487,0.168040949
17/03/2022,0.178537715,-1.486639672,1.910382537,0.998785933,0.255371723
21/03/2022,0.051991193,-1.543268154,1.959365192,0.929081934,0.220768999
22/03/2022,-0.091601997,-1.439450197,1.972120407,0.985186837,0.403670839
23/03/2022,-0.128806896,-1.623491835,1.840991377,0.950985243,0.308100411
24/03/2022,-0.160287964,-1.654165596,1.846093302,0.845549752,0.400374977
25/03/2022,-0.192391593,-1.585739515,1.886401963,0.825661074,0.420148235
28/03/2022,-0.137392953,-1.514953913,1.862931341,0.876725414,0.385545512
29/03/2022,-0.107653501,-1.267205233,1.839969869,0.899996601,0.45804682
30/03/2022,-0.035856906,-1.264847564,1.814968589,0.982764498,0.464637906
31/03/2022,0.045645423,-1.427653522,1.700675993,0.989445187,0.421796166
01/04/2022,0.119059122,-1.184622956,1.684349511,1.121169165,0.49100225
04/04/2022,0.244237253,-1.196420557,1.730780802,1.373891232,0.466285837
05/04/2022,0.272483492,-1.288441839,1.718534738,1.27745651,0.443216717
06/04/2022,0.27808281,-1.34742984,1.675675515,1.203494825,0.421796166
07/04/2022,0.334699176,-1.297879919,1.595058996,1.19066931,0.446512579
08/04/2022,0.380116284,-1.366305075,1.650675037,1.223765977,0.472876286
11/04/2022,0.330343736,-1.477202518,1.696595575,1.20026504,0.487706388
12/04/2022,0.253694585,-1.680120317,1.63995963,1.222975131,0.304804549
13/04/2022,0.303217486,-1.55978572,1.637407465,1.174698341,0.378954426
18/04/2022,0.366677671,-1.746186878,1.677206173,1.049858905,0.367420184
19/04/2022,0.205912989,-1.611695161,1.755782082,0.984005548,0.444864648
20/04/2022,0.335072091,-1.463046323,1.770577907,0.979466319,0.545378869
21/04/2022,0.417197292,-1.434731157,1.748128793,1.064665186,0.469581061
22/04/2022,0.240504375,-1.465404917,1.510855975,0.933544137,0.293270308
25/04/2022,0.175302262,-1.234173803,1.451153102,0.939935978,0.118608122
26/04/2022,0.293761399,-1.406417842,1.376522506,0.994748701,-0.299923926
27/04/2022,0.285673702,-1.599896635,1.352332258,0.930841582,-0.201057955
28/04/2022,0.526448122,-1.288441839,1.44343246,0.997706239,-0.108783388
29/04/2022,0.509027605,-1.264847564,1.355935598,0.940921381,-0.107135776
02/05/2022,0.498201261,-1.411135956,1.353361383,0.953772792,-0.126909034
04/05/2022,0.351497131,-1.349788435,1.502622175,0.800919086,0.21253062
05/05/2022,0.339179129,-1.604616601,1.385273074,0.795530577,-0.036281761
06/05/2022,0.29587624,-1.684839357,1.347700595,0.686456929,-0.06758926
09/05/2022,0.214871649,-1.602256155,1.251968328,0.632774365,-0.202705885
10/05/2022,0.37352149,-1.446528757,1.181970598,0.668004523,-0.149977516
11/05/2022,0.331463102,-1.62820995,1.182999723,0.703787144,-0.227422299
12/05/2022,0.269995113,-1.517314359,1.128956836,0.506430264,-0.34770914
13/05/2022,0.407615448,-1.286083244,1.194837666,0.436599437,-0.156568602
16/05/2022,0.46522729,-1.427653522,1.208733858,0.517556555,-0.145034042
17/05/2022,0.534286794,-1.359226515,1.225719029,0.637279065,-0.041225235
18/05/2022,0.649758258,-1.750904993,1.161382889,0.61378676,-0.179637403
19/05/2022,0.582939353,-1.916362981,1.213366724,0.46962771,-0.187876101
20/05/2022,0.73574085,-1.692256711,1.227262917,0.632944354,-0.149977516
24/05/2022,0.695175987,-1.522984982,1.29777541,0.635281698,0.174632035
25/05/2022,0.667925848,-1.723249826,1.294172872,0.643670906,0.191109431
26/05/2022,0.621886179,-1.732786026,1.293657708,0.772080105,0.222416293
27/05/2022,0.747313024,-1.694640298,1.417697523,0.860202645,0.334464755
31/05/2022,0.803680365,-0.657554866,1.480490578,0.838800669,0.296566169
01/06/2022,0.69218956,-1.155832924,1.494901533,0.86147756,0.243837482
02/06/2022,0.63333384,-1.058084552,1.516517565,0.860261743,0.281736067
03/06/2022,0.65112727,-1.089077668,1.469166596,0.802703967,0.215825844
06/06/2022,0.62263263,-1.043780251,1.496960585,0.808678805,0.283383997
07/06/2022,0.451166739,-1.034243125,1.527841547,0.755268488,0.296566169
08/06/2022,0.414957316,-1.203514853,1.465049294,0.746794285,0.138380743
09/06/2022,0.416574731,-1.406164209,1.416667997,0.770473844,0.019742151
10/06/2022,0.422049537,-1.437157325,1.294172872,0.668200408,-0.140091206
13/06/2022,0.414583779,-1.620733354,1.197925441,0.484961222,-0.163159688
14/06/2022,0.350128741,-1.794773182,1.163441539,0.46889729,-0.085714906
15/06/2022,0.336446084,-1.675567896,1.192779015,0.473597212,0.082356831
16/06/2022,0.384952964,-1.763780067,1.099619761,0.350882303,-0.00497458
17/06/2022,0.293131367,-1.756627454,1.087267456,0.372292579,-0.113726862
21/06/2022,0.53262829,-1.601660952,1.182484559,0.448566376,0.242190188
22/06/2022,0.527182122,-1.601660952,1.123296048,0.389673923,0.163097793
23/06/2022,0.653199778,-1.553979023,1.026533854,0.438919517,0.112016718
24/06/2022,0.783143306,-1.153448411,1.077488565,0.52263032,0.225712154
27/06/2022,0.825570873,-1.21305198,1.099619761,0.553874375,0.207586827
28/06/2022,0.817971888,-1.372786581,1.128956836,0.52518015,0.220768999
29/06/2022,0.604692275,-1.317952039,1.164985427,0.461850727,0.285031928
30/06/2022,0.597473674,-1.25358037,1.092929046,0.488233504,0.166392381
05/07/2022,1.030365595,-1.251197708,1.10476739,0.554664557,-0.008269805
06/07/2022,1.275814829,-1.170137225,1.139251292,0.641078579,-0.084066975
07/07/2022,1.211349829,-1.182057939,1.239101261,0.742400476,0.065879753
08/07/2022,1.271888956,-1.182057939,1.243218161,0.777035674,-0.013213279
11/07/2022,1.256057839,-1.265502009,1.233439671,0.83578337,-0.042873166
12/07/2022,1.152077616,-1.208282954,1.248880152,0.778429448,-0.051111864
13/07/2022,1.274168776,-1.148680311,1.180941072,0.726676521,-0.047816002
14/07/2022,1.274295156,-1.229739868,0.814996776,0.696656251,-0.214240127
15/07/2022,1.453379333,-1.162985537,0.78360065,0.702002263,-0.166455231
18/07/2022,1.415384404,-1.227357206,0.895288561,0.816923256,-0.107135776
19/07/2022,1.45198604,-0.903118051,1.022930915,0.878400068,-0.014860891
20/07/2022,1.544568407,-1.077156954,1.04454815,0.921194723,-0.118670017
21/07/2022,1.552040391,-1.055700039,1.064106734,0.960104871,-0.054407407
22/07/2022,1.636010242,-0.969873307,1.040430849,1.05155016,-0.12196556
25/07/2022,1.592948908,-0.94126378,1.07995654,1.049416669,0.027980849
26/07/2022,1.399173524,-0.53358148,1.014947279,0.995377527,-0.042873166
27/07/2022,1.487448389,-0.631329851,1.056553271,1.059165786,0.047754107
28/07/2022,1.584083632,-0.655171279,1.113761308,1.160206804,-0.044520778
29/07/2022,1.627903869,-0.578879822,1.171489721,1.179458024,-0.042873166
02/08/2022,1.622458323,-0.619409137,1.138725304,1.269994272,0.130142364
03/08/2022,1.599914748,-0.545502193,1.24482018,1.264087164,0.196052586
04/08/2022,1.603967001,-0.532513262,1.253661754,1.224360938,0.172984104
05/08/2022,1.648168246,-0.61670527,1.255221678,1.252417706,0.189462137
08/08/2022,1.660707257,-0.532513262,1.157967573,1.306269594,0.210882052
10/08/2022,1.64158279,-0.542133698,1.225577509,1.314846056,0.268554532
11/08/2022,1.567871507,-0.717735124,1.277064623,1.415479366,0.303157255
12/08/2022,1.520377535,-0.686464309,1.33635336,1.443093898,0.321282583
16/08/2022,1.645889048,-0.717735124,1.400322271,1.476640769,0.286679859
17/08/2022,1.747589451,-0.717735124,1.39044155,1.514386893,0.227360085
18/08/2022,1.741003996,-0.789900892,1.418005419,1.547441063,0.197290765
19/08/2022,1.620685268,-0.775467923,1.3894012,1.433514769,0.097059802
22/08/2022,1.600801276,-0.869282219,1.315549964,1.316528678,0.082025142
23/08/2022,1.514804987,-0.972718802,1.256261627,1.384506894,0.030239267
24/08/2022,1.503406508,-0.888526794,1.085157089,1.442447808,-0.063309483
25/08/2022,1.467817779,-0.871688022,1.218296661,1.427531299,-0.009853055
26/08/2022,1.461105321,-1.109832002,1.177210645,1.433718622,-0.06163893
29/08/2022,1.471870655,-1.126670774,1.182411193,1.312950283,-0.014864714
30/08/2022,1.684771127,-1.174780361,1.082557215,1.527144677,-0.051615929
01/09/2022,1.5483679,-1.376842845,1.017027579,1.487112339,-0.141823891
02/09/2022,1.542288587,-1.451413491,1.076836291,1.507468485,-0.106742911
06/09/2022,1.465031816,-1.403302979,1.048752047,1.549200711,-0.078344143
07/09/2022,1.443501149,-1.28302855,1.122602481,1.513400825,-0.141823891
08/09/2022,1.475289762,-1.367220558,1.212055362,1.641410949,-0.110084017
09/09/2022,1.504546418,-1.112237806,1.318150639,1.676556113,-0.054957036
12/09/2022,1.483521893,-0.914986002,1.383159499,1.703465457,0.040262267
13/09/2022,1.499227253,-1.141103743,1.277064623,1.754309342,-0.125118678
14/09/2022,1.460724936,-1.133887258,1.281745597,1.844793796,-0.150176338
15/09/2022,1.432861573,-1.261378172,1.330112462,1.811442146,-0.093378804
16/09/2022,1.351172164,-1.31430029,1.254181328,1.737939298,-0.128459784
19/09/2022,1.480609551,-1.273406262,1.314510015,1.759629458,-0.115095358
20/09/2022,1.491501264,-1.302271274,1.295787319,1.855486484,-0.140153338
21/09/2022,1.592948908,-1.227701554,1.210495438,1.810464711,-0.295511282
22/09/2022,1.768106589,-1.196429813,1.17773062,1.713087083,-0.335603603
23/09/2022,1.741003996,-1.631825597,1.095558987,1.52875957,-0.512678102
26/09/2022,1.68654356,-1.639042082,1.121042557,1.370670079,-0.699775601
27/09/2022,1.733911153,-1.761721388,1.075275967,1.326965719,-0.759914242
28/09/2022,1.791790696,-1.538010376,1.164208873,1.225092022,-0.776619456
29/09/2022,1.787864201,-1.424952432,1.1491264,1.206036023,-0.868497652
30/09/2022,1.77747863,-1.634230475,1.146006151,1.373338769,-0.861815758
03/10/2022,1.590162322,-1.566877239,1.202173839,1.270954442,-0.825064225
04/10/2022,1.705287642,-1.290244109,1.371198077,1.454610632,-0.582839744
06/10/2022,1.568631655,-1.660691534,1.155887274,1.483984812,-0.80835933
07/10/2022,1.532409781,-1.752100952,0.971260989,1.466169864,-0.848451651
11/10/2022,1.40816518,-1.759316511,0.818879547,1.387022859,-1.023855597
12/10/2022,1.511259499,-1.711206924,0.849563665,1.456055536,-1.038890257
13/10/2022,1.448060167,-1.6727187,1.023788452,1.371987492,-0.820052884
14/10/2022,1.471870655,-1.776155282,1.019628254,1.487852055,-0.903578633
17/10/2022,1.509232439,-1.600553857,1.104920135,1.592369209,-0.736527135
18/10/2022,1.538868857,-1.550038467,1.137164578,1.660075841,-0.756573136
19/10/2022,1.490107972,-1.643852763,1.089317688,1.669331593,-0.766596455
20/10/2022,1.535449126,-1.711206924,1.008706782,1.622814451,-0.769937243
21/10/2022,1.669698913,-1.461034853,1.112721359,1.739171716,-0.669706599
24/10/2022,1.465031816,-1.487494987,1.154847324,1.827709932,-0.716480815
25/10/2022,1.293546003,-1.323920727,1.187426523,1.796746756,-0.925295187
27/10/2022,1.327995444,-1.427357309,1.230515465,1.826758394,-0.866827099
28/10/2022,1.341293358,-1.177185238,1.276231942,1.774325512,-0.885202866
31/10/2022,1.40829156,-1.23251316,1.301454922,1.828219898,-0.888543972
01/11/2022,1.454447026,-1.234918038,1.302505696,1.825101004,-0.800006564
02/11/2022,1.369021625,-1.374437042,1.284114148,1.80080922,-0.856804099
03/11/2022,1.440549585,-1.446601884,1.268875322,1.826597037,-0.891885079
04/11/2022,1.374249274,-1.047289447,1.368190082,1.81981409,-0.512678102
07/11/2022,1.405996799,-1.042477841,1.414957734,1.89261175,-0.609567958
09/11/2022,1.344796512,-1.076155384,1.397091372,1.90901566,-0.683070706
10/11/2022,1.357036694,-0.744196183,1.555784673,1.87851132,-0.564463977
11/11/2022,1.330133943,-0.835605601,1.597296852,1.969166427,-0.531053869
14/11/2022,1.214745902,-0.765845636,1.596246479,1.958915976,-0.507666442
15/11/2022,1.213980774,-0.652787691,1.602551923,2.009223999,-0.497643442
16/11/2022,1.265873767,-0.520484246,1.58888986,2.036864427,-0.494302335
17/11/2022,1.220355804,-0.500829601,1.630928027,2.0237328,-0.44251646
18/11/2022,1.280790963,-0.481417481,1.650895535,2.020230767,-0.44752812
21/11/2022,1.32592605,-0.364941981,1.664032413,2.00477906,-0.414117693
22/11/2022,1.362391345,-0.265452433,1.762821986,2.023562811,-0.380707266
23/11/2022,1.341099119,-0.161109625,1.755465367,2.06980837,-0.293840729
25/11/2022,1.417854105,-0.129563887,1.761770811,2.113129591,-0.252077854
28/11/2022,1.386616459,-0.14654984,1.677695278,2.119334179,-0.325580284
29/11/2022,1.664567761,-0.178095577,1.707121755,2.124943806,-0.125118678
30/11/2022,1.792451234,0.045149825,1.707646941,2.155125433,-0.06163893
01/12/2022,1.737625977,0.231996229,1.754414192,2.160165332,-0.113425124
02/12/2022,1.615862906,0.316925992,1.730242787,2.133494371,-0.108413464
05/12/2022,1.627975463,0.193171062,1.70239187,2.172455648,-0.138482785
06/12/2022,1.716460753,0.236848565,1.628825678,2.13941011,-0.143494126
07/12/2022,1.851101509,0.151918802,1.608332182,2.132635795,-0.193609766
08/12/2022,1.846256113,0.050003087,1.576803355,2.217316064,-0.166881552
09/12/2022,1.889096438,0.03786947,1.556835847,2.223537252,-0.145164679
12/12/2022,1.876346378,0.117946897,1.620943872,2.236337534,-0.128459784
13/12/2022,1.858623919,0.113093635,1.517425216,2.27676098,-0.063309483
14/12/2022,1.793215739,0.282954086,1.478539771,2.294193454,-0.101731251
15/12/2022,1.738645733,0.083974992,1.41548292,2.20054628,-0.21031498
16/12/2022,1.759173453,0.01845735,1.401820456,2.153170563,-0.22534964
19/12/2022,1.878514137,0.066989039,1.338763605,2.186190868,-0.211985533
20/12/2022,1.767460992,0.109453921,1.391311114,2.176968981,-0.120942454